"distribution","rating","review_count"

"a2pdf","4.0","1"
"AAAAAAAAA","3.0","4"
"accessors","5.0","1"
"ack","4.9","16"
"Acme","5.0","1"
"Acme-AsciiArtinator","5.0","1"
"Acme-BABYMETAL","5.0","1"
"Acme-Bleach","4.0","2"
"Acme-BooK-Is-My-Bitch","5.0","1"
"Acme-CPANAuthors-AnyEvent","1.0","2"
"Acme-Crap","5.0","1"
"Acme-Current-Forever","5.0","2"
"Acme-Damn","5.0","1"
"Acme-DNS-Correct","5.0","1"
"Acme-DonMartin","4.5","2"
"Acme-DRM","4.0","1"
"Acme-Drunk","3.0","1"
"Acme-EyeDrops","5.0","2"
"Acme-JAPH","2.8","8"
"Acme-JavaTrace","5.0","2"
"Acme-LeetSpeak","5.0","1"
"Acme-Magic-Pony","4.0","1"
"Acme-Math-PerfectChristmasTree","5.0","1"
"Acme-MetaSyntactic","4.0","1"
"Acme-MetaSyntactic-nethack","5.0","1"
"ACME-MSDN-SPUtility","1.0","1"
"Acme-Nada","5.0","1"
"Acme-OneHundredNotOut","2.0","5"
"Acme-Pasty","1.7","3"
"Acme-PerlTidy","5.0","1"
"Acme-Phlegethoth","5.0","2"
"Acme-Placeholder","4.0","4"
"Acme-ProgressBar","5.0","2"
"Acme-Pythonic","5.0","1"
"Acme-Raise_my_kwalitee","3.0","2"
"Acme-SafetyGoggles","5.0","1"
"Acme-Scurvy-Whoreson-BilgeRat","5.0","1"
"Acme-Shukugawa-Atom","5.0","1"
"Acme-Terror","5.0","1"
"Acme-Terror-UK","5.0","2"
"Acme-Test","5.0","1"
"Acme-Test-Weather","1.0","1"
"Acme-Tiny","4.5","6"
"Acme-Tools","4.0","1"
"Acme-Very-Modern-Perl","5.0","1"
"Acme-VerySign","3.7","3"
"Acme-Yoda","1.0","1"
"Acme-Your","4.0","1"
"Agent","1.0","1"
"AI-Categorizer","5.0","2"
"AI-ExpertSystem-Simple","5.0","1"
"AI-FANN","5.0","1"
"AI-Fuzzy","5.0","1"
"AI-FuzzyLogic","1.0","1"
"AI-MegaHAL","5.0","1"
"AI-MXNet","5.0","1"
"Algorithm-AhoCorasick","5.0","1"
"Algorithm-AhoCorasick-XS","5.0","1"
"Algorithm-Bucketizer","5.0","2"
"Algorithm-Combinatorics","5.0","2"
"Algorithm-Dependency","3.0","1"
"Algorithm-Diff","4.0","5"
"Algorithm-GooglePolylineEncoding","5.0","1"
"Algorithm-Loops","4.0","1"
"Algorithm-MarkovChain","4.0","1"
"Algorithm-Munkres","5.0","1"
"Algorithm-Networksort","5.0","1"
"Algorithm-Permute","5.0","3"
"Algorithm-SocialNetwork","1.5","2"
"Algorithm-Step","2.0","1"
"aliased","5.0","2"
"Alien-GvaScript","2.0","1"
"Alien-SmokeQt","3.0","2"
"Alien-SVN","5.0","1"
"Alien-Tidyp","5.0","1"
"Alien-wxWidgets","5.0","1"
"Amazon-SimpleDB","1.0","1"
"Amazon-SNS","2.0","1"
"Amazon-SQS-Simple","5.0","1"
"Anchovy","1.0","1"
"ANSIColor","5.0","4"
"Any-Moose","3.0","2"
"AnyEvent","4.8","4"
"AnyEvent-DBI","3.0","2"
"AnyEvent-FreeSWITCH","1.0","1"
"AnyEvent-Gmail-Feed","5.0","1"
"AnyEvent-HTTP-LWP-UserAgent","5.0","1"
"AnyEvent-HTTPD","5.0","1"
"AnyEvent-JSONRPC","1.0","1"
"AnyEvent-Kanye","3.5","6"
"AnyEvent-mDNS","1.0","1"
"AnyEvent-MPRPC","3.0","1"
"AnyEvent-MtGox-Stream","5.0","1"
"AnyEvent-Net-Curl-Queued","2.0","1"
"AnyEvent-Redis-RipeRedis","5.0","1"
"AnyEvent-Redis2","1.0","1"
"AnyEvent-Run","4.0","1"
"AnyEvent-SMTP","5.0","2"
"AnyEvent-XMPP","5.0","1"
"AnyMQ","4.0","1"
"Apache-Admin-Config","5.0","1"
"Apache-ASP","5.0","1"
"Apache-AuthCookie","4.0","1"
"Apache-AuthenNIS","5.0","1"
"Apache-AuthTicket","5.0","1"
"Apache-CGI-Builder","5.0","2"
"Apache-ConfigFile","2.7","3"
"Apache-ConfigParser","4.0","1"
"Apache-Htpasswd","4.0","2"
"Apache-Htpasswd-1.5.5","4.0","1"
"Apache-HTTunnel","5.0","1"
"Apache-ImageMagick","4.0","1"
"Apache-MVC","5.0","1"
"Apache-PageKit","4.0","1"
"Apache-ParseLog","1.0","2"
"Apache-Reload","5.0","2"
"Apache-Session","3.4","5"
"Apache-Session-Wrapper","4.0","1"
"Apache-SimpleTemplate","5.0","1"
"Apache-SMTP","2.0","2"
"Apache-Test","4.0","3"
"Apache-WAP-AutoIndex","5.0","1"
"Apache-WAP-MailPeek","5.0","1"
"Apache-WebSNMP","5.0","1"
"Apache2-ApacheMobileFilter","5.0","2"
"Apache2-AuthenNTLM","2.0","2"
"Apache2-ModProxyPerlHtml","5.0","1"
"Apache2-SOAP","1.0","2"
"Apache2-WURFLFilter","5.0","1"
"App-Asciio","4.8","4"
"App-Benchmark","5.0","1"
"App-Benchmark-Accessors","2.0","1"
"App-CLI","1.0","1"
"App-ClusterSSH","5.0","1"
"App-Cmd","4.3","3"
"App-Countdown","4.0","1"
"App-cpanminus","5.0","18"
"App-cpanminus-reporter","5.0","2"
"App-cpanoutdated","5.0","3"
"App-cpm","5.0","1"
"App-Dapper","5.0","1"
"App-FileTools-BulkRename","4.0","1"
"App-get_flash_videos","5.0","1"
"App-gh","1.0","1"
"App-gist","5.0","1"
"App-GitGerrit","4.0","1"
"App-GitGot","5.0","1"
"App-GitHooks","5.0","2"
"App-GitHub","1.0","2"
"App-lntree","5.0","1"
"App-moduleswhere","5.0","1"
"App-Netdisco","5.0","3"
"App-Options","3.7","3"
"App-perlbrew","4.5","10"
"App-perlfind","5.0","1"
"App-perlmv","5.0","1"
"App-PM-Announce","5.0","1"
"App-Pmhack","3.0","1"
"App-pmuninstall","5.0","4"
"App-Pod2CpanHtml","5.0","1"
"App-PodPreview","4.0","1"
"App-Rad","5.0","3"
"App-sourcepan","4.0","1"
"App-Staticperl","5.0","1"
"App-SVN-Bisect","5.0","2"
"App-Todo","4.0","2"
"App-Wallflower","5.0","2"
"App-Ylastic-CostAgent","5.0","1"
"AppConfig","5.0","1"
"AppConfig-Std","3.0","1"
"Archive-Any","4.0","1"
"Archive-Extract","4.0","2"
"Archive-Rar","2.0","1"
"Archive-Tar","4.2","5"
"Archive-TarGzip","3.0","1"
"Archive-Zip","3.5","8"
"Argv","4.5","2"
"Array-Compare","2.0","1"
"Array-Contains","1.0","1"
"Array-Diff","3.6","5"
"Array-Heap","5.0","1"
"Array-Heap2","5.0","1"
"Array-IntSpan","4.0","1"
"Array-Iterator","3.5","2"
"Array-OneOf","1.0","1"
"Array-OrdHash","5.0","1"
"Array-PAT","1.0","4"
"Array-Reform","2.0","1"
"Array-Unique","1.0","1"
"Array-Utils","3.0","3"
"ASPerl","1.0","1"
"Asterisk-CoroManager","5.0","1"
"Astro-MoonPhase","5.0","1"
"Astro-satpass","5.0","1"
"Async","1.5","2"
"Attempt","4.3","3"
"Attribute-Handlers","4.0","1"
"Attribute-Persistent","1.0","1"
"Attribute-Protected","4.0","1"
"Attribute-Tie","5.0","1"
"Attribute-Types","4.0","1"
"Audio","2.3","4"
"Audio-LADSPA","5.0","1"
"Audio-Mad","5.0","1"
"Audio-MPD","5.0","1"
"Audio-MPEG","1.0","1"
"Audio-SndFile","5.0","2"
"Audio-Wav","4.0","1"
"AudioFile-Identify-MusicBrainz","2.0","1"
"Auth-Sticky","1.0","1"
"Auth-Yubikey_Decrypter","4.0","1"
"Authen-Captcha","4.0","3"
"Authen-CAS-Client","5.0","1"
"Authen-NTLM-HTTP","1.0","1"
"Authen-PAM","3.0","1"
"Authen-Passphrase","4.5","2"
"Authen-Simple","5.0","1"
"Authen-Simple-SSH","3.0","2"
"autobox","5.0","2"
"autobox-Core","5.0","1"
"Autodia","4.0","1"
"autodie","4.8","5"
"autovivification","5.0","1"
"AxKit-1.6.2","5.0","1"
"AZ-Splitter","2.0","1"
"BackPAN-Index","5.0","1"
"bareword-filehandles","5.0","2"
"base","3.7","3"
"base-ball","1.0","2"
"Base-Class","1.0","1"
"Bash-Completion","3.0","1"
"Bash-Completion-Plugins-cpanm","4.5","2"
"Benchmark-Stopwatch","4.0","2"
"BerkeleyDB","4.0","6"
"Best","5.0","1"
"Bhagavatgita","1.0","1"
"BibTeX-Parser","5.0","1"
"bignum","4.0","1"
"Bing-Search","3.0","2"
"Bio-Lite","5.0","1"
"Bio-LITE-Taxonomy","3.0","1"
"Bio-MAGETAB","5.0","1"
"Bio-NEXUS","5.0","1"
"Bio-Phylo","5.0","6"
"Bio-SamTools","5.0","1"
"Bio-Util-DNA","5.0","1"
"bioperl","4.0","5"
"Bit-Vector","4.8","4"
"BitTorrent","1.0","2"
"Block-NamedVar","4.0","1"
"Bloom-Faster","5.0","2"
"Bloom-Filter","5.0","1"
"Bone-Easy","5.0","1"
"Book-Chinese-MasterPerlToday","5.0","2"
"Bool","1.0","1"
"boolean","5.0","2"
"Boolean-Testing-TrueFalse","1.0","1"
"Boost-Graph","3.0","1"
"bootylicious","5.0","1"
"Bot-BasicBot","5.0","1"
"Bot-BasicBot-Pluggable","5.0","1"
"Bot-BasicBot-Pluggable-Module-JIRA","4.0","1"
"Bot-CPAN","5.0","2"
"Brackup","4.5","2"
"Bryar","4.7","3"
"BSD-arc4random","5.0","1"
"BSD-Resource","5.0","1"
"BSD-Sysctl","1.0","1"
"BTRIEVE-SAVE","1.0","1"
"Bundle-Catalyst-Everything","1.0","1"
"Bundle-Dpchrist","1.0","1"
"Bundle-dualLived","1.0","1"
"Bundle-Everything","1.0","4"
"Bundle-Expect","1.0","1"
"Bundle-Git-LongList1","1.0","1"
"Bundle-Git-LongList2","1.0","1"
"Bundle-Git-LongList3","1.0","1"
"Bundle-Math-Geometry","4.0","1"
"Bundle-Maypole","1.0","1"
"Bundle-Moose","1.5","2"
"Bundle-Tk","5.0","1"
"Bundle-W3C-Validator","5.0","2"
"Business-BR-Ids","3.5","2"
"Business-CreditCard","5.0","1"
"Business-Hours","4.0","1"
"Business-IBAN","1.0","1"
"Business-ISBN","5.0","2"
"Business-OnlinePayment","4.0","1"
"Business-OnlinePayment-BankOfAmerica","1.0","1"
"Business-OnlinePayment-CyberSource","3.3","3"
"Business-OnlinePayment-Protx","5.0","1"
"Business-PayPal-API","4.0","2"
"Business-PayPal-IPN","4.0","2"
"Business-PayPal-NVP","3.7","3"
"Business-Shipping","4.8","6"
"Business-Tax-VAT-Validation","3.7","3"
"bw-db","1.0","3"
"C-DynaLib","4.0","2"
"C-Include","3.0","1"
"Cache-Cache","5.0","4"
"Cache-FastMmap","5.0","4"
"Cache-FastMmap-WithWin32","5.0","1"
"Cache-Memcached","4.6","5"
"Cache-Memcached-Fast","5.0","3"
"Cache-Memcached-Managed","3.0","2"
"Cache-Moustache","1.0","1"
"Cache-Simple-TimedExpiry","3.0","1"
"CAD-Drawing","1.5","2"
"Cairo","4.5","2"
"CAM-PDF","4.0","4"
"cant","1.0","1"
"Captcha-reCAPTCHA","5.0","4"
"Capture-Tiny","4.8","4"
"Capture-Tiny-Extended","5.0","1"
"CaptureLog","1.0","1"
"Carp-Always","4.7","6"
"Carp-Always-Color","5.0","1"
"Carp-Assert","5.0","2"
"Carp-Assert-More","4.0","1"
"Carp-Clan","5.0","1"
"Carp-Indeed","3.0","2"
"Carp-Trace","3.5","2"
"CAS-Apache","1.0","1"
"Catalyst","1.0","1"
"Catalyst-ActionRole-NotCacheableHeaders","5.0","1"
"Catalyst-Component-ACCEPT_CONTEXT","5.0","1"
"Catalyst-Controller-Atompub","5.0","1"
"Catalyst-Controller-BindLex","3.0","2"
"Catalyst-Engine-Embeddable","4.0","1"
"Catalyst-Enzyme","5.0","1"
"Catalyst-Example-InstantCRUD","3.0","1"
"Catalyst-Log-Log4perl","5.0","1"
"Catalyst-Manual","4.7","3"
"Catalyst-Model-Adaptor","5.0","1"
"Catalyst-Model-DBIC","1.0","1"
"Catalyst-Plugin-Assets","5.0","1"
"Catalyst-Plugin-Authentication","5.0","2"
"Catalyst-Plugin-AutoCRUD","5.0","1"
"Catalyst-Plugin-AutoTemplate","1.0","1"
"Catalyst-Plugin-CommandLine","5.0","1"
"Catalyst-Plugin-Compress-Zlib","3.0","1"
"Catalyst-Plugin-Crypt-CBC","5.0","1"
"Catalyst-Plugin-CustomErrorMessage","3.5","2"
"Catalyst-Plugin-FirePHP","5.0","1"
"Catalyst-Plugin-FormValidator-Simple","5.0","2"
"Catalyst-Plugin-I18N","4.0","1"
"Catalyst-Plugin-I18N-DBI","3.0","1"
"Catalyst-Plugin-Log-Colorful","5.0","1"
"Catalyst-Plugin-Redirect","2.5","2"
"Catalyst-Plugin-Session-CGISession","5.0","1"
"Catalyst-Plugin-StatusMessage","4.0","1"
"Catalyst-Runtime","4.9","20"
"Catalyst-TraitFor-Controller-jQuery-jqGrid","5.0","1"
"Catalyst-View-Email","5.0","1"
"Catalyst-View-Excel-Template-Plus","5.0","1"
"Catalyst-View-HTML-Template-Compiled","5.0","1"
"Catalyst-View-JSON","4.0","1"
"Catalyst-View-TT","4.0","1"
"Catalyst-View-TT-ForceUTF8","1.0","1"
"CatalystX-AppBuilder","5.0","1"
"CatalystX-CRUD","5.0","1"
"CatalystX-ExtJS","5.0","1"
"CatalystX-Foorum","1.0","1"
"CatalystX-ListFramework-Builder","5.0","2"
"CatalystX-Routes","5.0","1"
"CGI","2.0","1"
"CGI-Ajax","4.3","8"
"CGI-Alert","5.0","1"
"CGI-Application","4.9","19"
"CGI-Application-Dispatch","5.0","3"
"CGI-Application-Dispatch-Server","4.0","1"
"CGI-Application-Emulate-PSGI","5.0","1"
"CGI-Application-FastCGI","2.0","1"
"CGI-Application-Pluggable","2.0","1"
"CGI-Application-Plugin-Authentication","3.0","2"
"CGI-Application-Plugin-Authorization","5.0","1"
"CGI-Application-Plugin-AutoRunmode","4.0","3"
"CGI-Application-Plugin-CAPTCHA","3.0","1"
"CGI-Application-Plugin-Config-Any","4.0","1"
"CGI-Application-Plugin-DBH","4.5","2"
"CGI-Application-Plugin-DebugScreen","5.0","1"
"CGI-Application-Plugin-DevPopup","5.0","1"
"CGI-Application-Plugin-Forward","4.0","1"
"CGI-Application-Plugin-HTDot","4.0","1"
"CGI-Application-Plugin-Output-XSV","5.0","1"
"CGI-Application-Plugin-PageLookup","1.0","1"
"CGI-Application-Plugin-QueryHash","2.0","1"
"CGI-Application-Plugin-RateLimit","4.0","1"
"CGI-Application-Plugin-Redirect","5.0","1"
"CGI-Application-Plugin-Session","4.0","1"
"CGI-Application-Plugin-Stream","5.0","2"
"CGI-Application-Plugin-ValidateRM","5.0","1"
"CGI-Application-Plugin-ViewCode","5.0","1"
"CGI-Application-Server","4.5","2"
"CGI-Application-Session","4.0","1"
"CGI-Application-Tutorial-Namegame","4.0","1"
"CGI-Application-ValidateRM","5.0","2"
"CGI-Builder","1.0","2"
"CGI-Builder-Auth","5.0","2"
"CGI-Builder-CgiAppAPI","5.0","2"
"CGI-Builder-DFVCheck","4.5","2"
"CGI-Builder-HTMLtmpl","5.0","2"
"CGI-Builder-Magic","5.0","2"
"CGI-Builder-Session","5.0","5"
"CGI-Builder-TT2","5.0","1"
"CGI-Cache","3.5","2"
"CGI-Compress-Gzip","5.0","2"
"CGI-EncryptForm","5.0","1"
"CGI-Enurl","2.0","1"
"CGI-FormBuilder","5.0","3"
"CGI-Framework","4.0","1"
"CGI-GuruMeditation","2.0","1"
"CGI-IDS","5.0","1"
"CGI-Kwiki","4.2","5"
"CGI-Lite","4.0","2"
"CGI-Lite-Request","3.0","1"
"CGI-Minimal","4.8","4"
"CGI-NeedSSL","2.3","3"
"CGI-okTemplate","1.0","2"
"CGI-Panel","5.0","1"
"CGI-Perljax","5.0","1"
"CGI-Prototype","3.3","6"
"CGI-QuickForm","4.0","1"
"CGI-Session","4.3","3"
"CGI-Session-BitBucket","1.0","1"
"CGI-Simple","4.0","3"
"CGI-SpeedyCGI","5.0","1"
"CGI-SSI","5.0","1"
"CGI-Struct","5.0","1"
"CGI-Upload","4.0","1"
"CGI-Utils","2.0","1"
"CGI-Vote","5.0","1"
"CGI-WebGzip","3.0","1"
"CGI-WebOut","5.0","1"
"CGI-Widget-DBI-Search","1.0","1"
"CGI-Wiki","4.0","1"
"CGI-Wiki-Kwiki","5.0","1"
"CGI.pm","4.4","7"
"CharsetDetector","5.0","1"
"Chart","4.4","5"
"Chart-Clicker","5.0","3"
"Chart-Gnuplot","4.0","4"
"Chart-Graph","2.7","3"
"Chart-Plot","4.0","1"
"Chart-Strip","5.0","1"
"Chest","1.5","4"
"CHI","4.6","5"
"Chloro","5.0","1"
"Chooser","1.0","1"
"Chroniton","4.0","1"
"Cisco-CopyConfig","4.0","1"
"Cisco-IPPhone","4.0","1"
"Cisco-Reconfig","3.0","1"
"CLASS","5.0","2"
"Class-Accessor","4.0","2"
"Class-Accessor-Complex","5.0","1"
"Class-Accessor-Grouped","5.0","1"
"Class-AccessorMaker","5.0","1"
"Class-Autouse","5.0","1"
"Class-Base","4.5","2"
"Class-Bind","1.0","2"
"Class-Builtin","3.0","1"
"Class-C3-XS","4.0","1"
"Class-Closure","4.0","1"
"Class-CSV","4.0","1"
"Class-Date-ISO","2.0","2"
"Class-DBI","4.4","16"
"Class-DBI-AbstractSearch","5.0","1"
"Class-DBI-Loader","5.0","1"
"Class-DBI-Pager","4.5","2"
"Class-DBI-Plugin-DeepAbstractSearch","5.0","2"
"Class-DBI-Plugin-HTML","4.0","2"
"Class-DBI-Plugin-RetrieveFromSQL","4.0","1"
"Class-Easy","4.0","1"
"Class-HPLOO","1.0","1"
"Class-InsideOut","5.0","4"
"Class-Load","3.0","2"
"Class-Loader","1.0","1"
"Class-MakeMethods","4.0","1"
"Class-Meta","5.0","1"
"Class-Method-Modifiers-Fast","3.0","1"
"Class-MethodMaker","4.5","4"
"Class-Null","5.0","1"
"Class-Phrasebook","5.0","1"
"Class-PINT","3.0","1"
"Class-Singleton","3.0","1"
"Class-Std","2.3","4"
"Class-Std-Utils","1.0","1"
"Class-STL-Containers","2.0","1"
"Class-Trait","4.0","1"
"Class-XSAccessor","5.0","2"
"classes","5.0","1"
"CLI-Framework","4.0","1"
"Clone","4.3","3"
"Clone-Any","2.5","2"
"Clone-Fast","3.0","1"
"Clone-PP","5.0","1"
"CMS-MediaWiki","4.5","2"
"Cocoa-Growl","5.0","1"
"Code-TidyAll","5.0","2"
"Codes","2.0","1"
"Color-Calc-DEPRECATED","1.0","1"
"Color-Mix","5.0","1"
"Color-Model-RGB","4.0","1"
"Comma","2.5","2"
"Commands-Guarded","5.0","1"
"common-sense","2.6","9"
"Compress-Zlib","2.8","4"
"Config-ApacheFormat","3.5","2"
"Config-Auto","4.8","4"
"Config-AutoConf","3.7","3"
"Config-Context","4.0","1"
"Config-General","4.0","5"
"Config-INI","5.0","1"
"Config-IniFiles","4.3","7"
"Config-JFDI","5.0","1"
"Config-JSON","4.0","1"
"Config-Properties","5.0","2"
"Config-Simple","3.0","2"
"Config-Tiny","4.8","9"
"Config-TOML","1.0","1"
"Config-Validator","5.0","1"
"Confluence-Client-XMLRPC","5.0","1"
"Const-Exporter","5.0","1"
"Const-Fast","4.6","5"
"constant-defer","4.5","2"
"constants","1.0","2"
"Contenticious","5.0","1"
"Contextual-Return","4.0","2"
"Contize","3.0","1"
"Convert-ASCII-String","2.0","1"
"Convert-Bencode","4.0","1"
"Convert-Binary-C","5.0","4"
"Convert-TNEF","4.0","1"
"Convert-Wiki","2.0","1"
"Convert-zBase32","5.0","1"
"Coro","3.0","7"
"Coro-Mysql","5.0","1"
"CouchDB-Client","4.0","3"
"CPAN","4.6","5"
"CPAN-DistnameInfo","5.0","1"
"CPAN-Forum","4.0","1"
"CPAN-Index","1.0","1"
"CPAN-Meta","5.0","2"
"CPAN-Mini","5.0","6"
"CPAN-Mini-FromList","1.0","1"
"CPAN-Mini-Inject","4.0","1"
"CPAN-Mini-LatestDistVersion","4.0","1"
"CPAN-Mini-Webserver","4.6","5"
"CPAN-Reporter","5.0","3"
"CPAN-SQLite","4.5","2"
"CPAN-Test-Dummy-SCO-Special","4.0","1"
"cpan-upload","4.5","2"
"cpan-upload-http","5.0","1"
"CPAN-YACSmoke","1.0","1"
"cpan2rpm","3.7","3"
"cPanel","1.0","1"
"CPANPLUS","3.8","4"
"CPANPLUS-Shell-Curses","1.0","1"
"CPANXR","4.0","1"
"CQL-Parser","4.0","1"
"Crypt-Blowfish","5.0","1"
"Crypt-Camellia","5.0","1"
"Crypt-CBC","3.0","2"
"Crypt-DES_PP","5.0","1"
"Crypt-DH","1.0","1"
"Crypt-DH-GMP","5.0","1"
"Crypt-DSA","4.0","1"
"Crypt-ECB","5.0","1"
"Crypt-Eksblowfish","5.0","1"
"Crypt-Elijah","4.0","1"
"Crypt-GPG","1.0","1"
"Crypt-Keyczar","5.0","1"
"Crypt-Lite","1.6","5"
"Crypt-OpenPGP","2.8","4"
"Crypt-OTP","1.0","1"
"Crypt-Passwd-XS","5.0","1"
"Crypt-Rijndael_PP","5.0","1"
"Crypt-RSA","3.7","3"
"Crypt-SaltedHash","4.7","3"
"Crypt-SSLeay","5.0","3"
"Crypt-Tea","1.0","1"
"Crypt-Twofish","4.0","1"
"Crypt-Util","5.0","1"
"CryptX","5.0","3"
"CSS-Inliner","4.0","2"
"CSS-Minifier-XS","5.0","1"
"CSS-Simple","5.0","1"
"CSS-SpriteBuilder","4.0","1"
"Ctype","1.0","1"
"Curses-UI","3.7","6"
"CVSUtils","5.0","1"
"cvswebedit","1.0","1"
"cwd","1.2","5"
"D-oh","3.5","2"
"Dackup","5.0","2"
"Daemon-Control","4.4","5"
"Daemon-Daemonize","5.0","1"
"Daemon-Generic","5.0","4"
"Daisy","1.0","2"
"Daisy-Chain","1.0","2"
"Daisy-Cocktail","1.0","2"
"Daisy-Cutter","1.0","2"
"Daisy-Dukes","1.0","2"
"Daisy-Wheel","1.0","2"
"Dancer","4.0","23"
"Dancer-Plugin-Auth-Basic","1.5","2"
"Dancer-Plugin-Auth-Htpasswd","4.0","1"
"Dancer-Plugin-Auth-Twitter","5.0","1"
"Dancer-Plugin-Cache-CHI","5.0","1"
"Dancer-Plugin-Database","5.0","1"
"Dancer-Plugin-DirectoryView","5.0","1"
"Dancer-Plugin-Email","5.0","1"
"Dancer-Plugin-SimpleCRUD","4.0","1"
"Dancer-Plugin-SiteMap","4.0","1"
"Dancer-Session-MongoDB","1.0","1"
"Dancer-Session-Storable","5.0","1"
"Dancer2","5.0","3"
"DashProfiler","5.0","1"
"Data-Alias","4.7","3"
"Data-Clone","5.0","1"
"Data-Compare","3.7","3"
"Data-Domain","4.0","1"
"Data-DPath","5.0","1"
"Data-Dump","5.0","3"
"Data-Dump-Streamer","5.0","1"
"Data-Dumper","4.6","7"
"Data-Dumper-Concise","5.0","1"
"Data-Dumper-Perltidy","5.0","1"
"Data-Dumper-Simple","4.0","1"
"Data-FixedFormat","3.5","2"
"Data-FormValidator","5.0","5"
"Data-FormValidator-Constraints-DateTime","4.0","1"
"Data-FormValidator-Filters-Image","4.0","1"
"Data-Grouper","5.0","1"
"Data-GUID","5.0","2"
"Data-HexDump","4.0","1"
"Data-Hexdumper","5.0","2"
"Data-Hive","4.0","1"
"Data-ICal","5.0","2"
"Data-Inspect","1.0","1"
"Data-Iterator-EasyObj","3.0","1"
"Data-JavaScript","4.0","2"
"Data-JavaScript-Anon","4.0","1"
"Data-Lazy","5.0","1"
"Data-Leaf-Walker","5.0","2"
"Data-Match","2.0","1"
"Data-MessagePack","3.0","1"
"Data-Model","5.0","1"
"Data-Page","4.6","5"
"Data-Page-Navigation","4.0","1"
"Data-Page-Set","3.0","2"
"Data-Pageset","5.0","1"
"Data-ParseBinary","5.0","1"
"Data-Password","5.0","1"
"Data-Peek","5.0","1"
"Data-Phrasebook","4.5","2"
"Data-Pivot","4.0","1"
"Data-Pond","3.5","2"
"Data-PostfixDeref","1.0","1"
"Data-Printer","4.8","4"
"Data-Printer-Filter-JSON","5.0","1"
"Data-Rand","1.0","1"
"Data-Random","5.0","2"
"Data-Reconciliation","4.0","1"
"Data-Recursive-Encode","5.0","1"
"Data-Rmap","5.0","10"
"Data-Rx","3.7","3"
"Data-Search","3.7","3"
"Data-SearchReplace","5.0","1"
"Data-Section","5.0","1"
"Data-Serializer","4.7","3"
"Data-Show","5.0","3"
"Data-Stack","1.0","1"
"Data-Str2Num","1.0","1"
"Data-Structure-Compare","1.0","1"
"Data-Structure-Util","5.0","2"
"Data-Table","4.5","2"
"Data-Taxi","2.0","1"
"Data-Thunk","5.0","1"
"Data-Transformer","2.0","1"
"Data-Traverse","2.0","1"
"Data-TreeDumper","5.0","2"
"Data-Types","5.0","1"
"Data-Uniqid","4.0","3"
"Data-Util","5.0","2"
"Data-UUID","4.0","3"
"Data-Validate-Domain","5.0","2"
"Data-Validate-Email","4.0","1"
"Data-Validate-Type","5.0","1"
"Data-Validate-URI","5.0","1"
"Data-Verify","5.0","1"
"Data-Visitor","3.0","1"
"Data-Visitor-Encode","5.0","1"
"Data-Walk","2.5","2"
"DataExtract-FixedWidth","1.0","2"
"Data_Translate","2.0","1"
"Date-Business","4.0","1"
"Date-Calc","3.8","8"
"Date-FromToday","1.0","1"
"Date-Holidays-CA","5.0","1"
"Date-Holidays-UK","4.0","1"
"Date-Holidays-USFederal","2.0","1"
"Date-ICal","2.0","1"
"Date-Indian","5.0","1"
"Date-ISO","3.0","1"
"Date-Manip","3.5","11"
"Date-Namedays-Simple","3.0","1"
"Date-Object","1.0","2"
"Date-Pcalc","4.3","3"
"Date-Range","5.0","1"
"Date-Simple","4.5","2"
"Date-Tiny","2.0","2"
"Date-WeekOfYear","1.0","1"
"DateConvert","5.0","1"
"DateManip","5.0","4"
"DateManip-5.42a","5.0","1"
"DateStamp","2.0","1"
"DateTime","4.6","14"
"DateTime-BusinessHours","3.0","1"
"DateTime-Calendar-Hebrew","5.0","1"
"DateTime-Calendar-Japanese","5.0","1"
"DateTime-Event-Cron","5.0","1"
"DateTime-Event-ICal","5.0","1"
"DateTime-Event-NameDay","4.0","2"
"DateTime-Format-DateParse","3.0","1"
"DateTime-Format-Epoch","5.0","1"
"DateTime-Format-Flexible","3.3","3"
"DateTime-Format-Human-Duration","5.0","1"
"DateTime-Format-ISO8601","3.0","1"
"DateTime-Format-Natural","4.4","5"
"DateTime-Format-Oracle","4.0","2"
"DateTime-Format-RSS","5.0","1"
"DateTime-Locale","5.0","1"
"DateTime-Moonpig","5.0","1"
"DateTime-Natural-Parse","3.0","1"
"DateTime-Precise","1.0","1"
"DateTime-Tiny","5.0","1"
"DBA","1.0","1"
"DBD-AnyData","2.3","3"
"DBD-Chart","5.0","1"
"DBD-CSV","4.0","1"
"DBD-DB2","5.0","3"
"DBD-Excel","3.0","2"
"DBD-Google","5.0","1"
"DBD-Informix","5.0","2"
"DBD-Ingres","3.4","5"
"DBD-mysql","4.2","5"
"DBD-mysql-SimpleMySQL","1.0","3"
"DBD-mysqlPP","3.8","4"
"DBD-ODBC","4.8","4"
"DBD-Oracle","4.0","14"
"DBD-Pg","3.8","12"
"DBD-PgPP","2.7","3"
"DBD-SQLite","4.7","16"
"DBD-SQLite-Amalgamation","5.0","1"
"DBD-Sybase","4.8","5"
"DBD-TSM","5.0","1"
"DBD-Unify","4.0","1"
"DBD-WMI","4.0","1"
"DBI","4.8","27"
"DBI-Mysqlsimple","1.0","2"
"DBICx-Deploy","4.0","1"
"DBIx-Abstract","3.0","1"
"DBIx-CGITables","3.0","1"
"DBIx-Chart","5.0","1"
"DBIx-Class","4.6","16"
"DBIx-Class-EncodedColumn","5.0","3"
"DBIx-Class-FrozenColumns","4.0","4"
"DBIx-Class-HTML-FormFu","1.0","1"
"DBIx-Class-Loader-ADO","5.0","1"
"DBIx-Class-QueryLog","4.0","1"
"DBIx-Class-ResultSet-HashRef","5.0","1"
"DBIx-Class-Schema-Loader","4.3","3"
"DBIx-Class-Schema-Loader-DBI-Oracle","3.0","1"
"DBIx-Class-TimeStamp","4.5","2"
"DBIx-Class-Validation","4.0","1"
"DBIx-Compare","2.0","1"
"DBIx-DataModel","4.7","3"
"DBIx-DBH","3.0","1"
"DBIx-DWIW","4.0","2"
"DBIx-Informix-Perform","5.0","1"
"DBIx-Log4perl","4.6","5"
"DBIx-MSSQLReporter","1.0","1"
"DBIx-MyParse","4.0","1"
"DBIx-Password","4.0","1"
"DBIx-ProcedureCall","4.0","1"
"DBIx-Sequence","5.0","1"
"DBIx-Sharding","2.0","1"
"DBIx-Simple","4.7","7"
"DBIx-Skinny","5.0","1"
"DBIx-SQLEngine","5.0","1"
"DBIx-Std","1.0","3"
"DBIx-Thin","2.0","1"
"DBIx-VersionedDDL","5.0","1"
"DBIx-Web","1.0","1"
"DBIx-XHTML_Table","5.0","2"
"Dblink","2.0","1"
"DBM-Deep","4.3","8"
"dbMan","5.0","1"
"Debian-Dpkg-Version","5.0","1"
"Debian-Packages","1.0","1"
"Debug","1.0","1"
"Debug-Easy","2.0","1"
"Debug-LTrace","5.0","1"
"Debug-Statements","4.0","1"
"delicious-backup","2.0","1"
"Dependencies-Searcher","5.0","1"
"Dev-Bollocks","3.5","2"
"Devel-ArgNames","5.0","2"
"Devel-AutoProfiler","5.0","1"
"Devel-CallStack","5.0","1"
"Devel-Carnivore","5.0","1"
"Devel-Confess","5.0","2"
"Devel-Cover","4.9","16"
"Devel-Cycle","5.0","1"
"Devel-Declare","4.2","5"
"Devel-Declare-Lexer","5.0","1"
"Devel-Dependencies","2.0","1"
"Devel-Deprecate","5.0","1"
"Devel-Diagram","1.0","1"
"Devel-Ditto","5.0","1"
"Devel-DProf","1.0","1"
"Devel-DProfLB","2.0","1"
"Devel-DumpTrace","5.0","1"
"Devel-ebug","5.0","1"
"Devel-EvalContext","5.0","1"
"Devel-FastProf","4.0","2"
"Devel-FindRef","5.0","1"
"Devel-Hide","5.0","2"
"Devel-Isa-Explainer","5.0","2"
"Devel-Leak-Object","5.0","2"
"Devel-LeakGuard-Object","5.0","1"
"Devel-LeakTrace-Fast","4.0","1"
"Devel-Messenger","3.0","1"
"Devel-Modlist","4.5","2"
"Devel-NYTProf","5.0","19"
"Devel-ObjectTracker","1.0","1"
"Devel-PerlySense","4.3","3"
"Devel-PiMPx","1.0","1"
"Devel-Platform-Info","5.0","1"
"Devel-Pointer","5.0","1"
"Devel-Profile","4.5","2"
"Devel-ptkdb","4.8","5"
"Devel-REPL","5.0","1"
"Devel-SimpleTrace","4.5","4"
"Devel-Size","4.7","3"
"Devel-SizeMe","5.0","1"
"Devel-SmallProf","3.0","2"
"Devel-StackTrace","5.0","1"
"Devel-STDERR-Indent","4.0","1"
"Devel-SummarizedWarnings","5.0","1"
"Devel-Timer","4.0","1"
"Devel-Trace","5.0","3"
"Devel-TrackObjects","5.0","1"
"Devel-XDebug","1.0","1"
"Device-Audiotron","5.0","1"
"Device-Onkyo","5.0","1"
"Device-USB-MissileLauncher","5.0","1"
"DhMakePerl","2.0","1"
"DicomPack","5.0","1"
"Digest","5.0","1"
"Digest-Bcrypt","5.0","1"
"Digest-Crc32","1.7","3"
"Digest-HMAC","3.0","1"
"Digest-MD4","3.5","2"
"Digest-MD5","5.0","6"
"Digest-MD5-File","3.5","2"
"Digest-SHA","5.0","2"
"Dios","4.0","1"
"Directory-Queue","5.0","2"
"Directory-Scratch","5.0","1"
"Directory-Scratch-Structured","1.0","1"
"Dist-Milla","5.0","1"
"Dist-Zilla","4.4","9"
"Dist-Zilla-App-Command-cover","5.0","1"
"Dist-Zilla-Plugin-CopyTo","4.0","1"
"Dist-Zilla-Plugin-EOLTests","2.0","1"
"Dist-Zilla-Plugin-Hook","5.0","1"
"Dist-Zilla-Plugin-MetaRecommends","1.0","1"
"Dist-Zilla-Plugin-ReadmeFromPod","1.0","1"
"Dist-Zilla-Plugin-ScpDeploy","5.0","1"
"Dist-Zilla-Plugin-Test-Compile","5.0","1"
"Dist-Zilla-Plugin-Test-LocalBrew","5.0","1"
"Dist-Zilla-Plugin-Twitter","5.0","1"
"Dist-Zilla-Shell","5.0","1"
"DNS-EasyDNS","4.7","3"
"DNS-TinyDNS","5.0","1"
"Docs-US_DOD-STD2167A","3.0","3"
"DOM-Tiny","5.0","1"
"Domain-PublicSuffix","5.0","1"
"DP-Date","1.0","1"
"DP-Perl","1.0","4"
"Dpchrist-ExtUtils-MakeMaker","1.0","1"
"DProf","1.0","1"
"DumpStack","1.5","2"
"DZ1","1.0","1"
"EasyDate","1.0","3"
"EasyDBAccess","1.0","1"
"EasyTCP","5.0","1"
"EasyTool","1.3","4"
"EBI-FGPT-FuzzyRecogniser","5.0","1"
"EBook-EPUB","4.5","2"
"EBook-MOBI","2.5","2"
"ElasticSearch","5.0","1"
"Eludia","1.0","2"
"Emacs-EPL","4.0","1"
"Emacs-PDE","5.0","3"
"Emacs-Run-ExtractDocs","2.0","1"
"Email-Abstract","5.0","1"
"Email-Address-JP-Mobile","5.0","1"
"Email-Filter","4.0","2"
"Email-Fingerprint","3.5","2"
"Email-Folder","2.0","1"
"Email-Handle","2.0","1"
"Email-MIME","5.0","4"
"Email-MIME-CreateHTML","4.5","2"
"Email-MIME-Kit","5.0","3"
"Email-Outlook-Message","5.0","1"
"Email-Send","4.3","4"
"Email-Send-SMTP-TLS","5.0","1"
"Email-Sender","4.4","5"
"Email-Simple","4.8","4"
"Email-Simple-Creator","4.0","1"
"Email-Store","5.0","1"
"Email-Stuffer","5.0","1"
"Email-Valid","5.0","6"
"Embperl","5.0","1"
"Embperl-2.0b9","4.0","1"
"Enbugger","5.0","2"
"Encode","4.0","4"
"Encode-Base58","5.0","1"
"Encode-CNMap","4.0","1"
"Encode-Detect-CJK","5.0","1"
"Encode-DoubleEncodedUTF8","5.0","1"
"Encode-JP-Mobile","5.0","1"
"Encode-Korean","4.0","1"
"Encode-Locale","4.0","1"
"Encoding-BER","5.0","1"
"Encoding-FixLatin","5.0","1"
"enum","5.0","1"
"enum-fields","5.0","1"
"Eobj","1.0","1"
"Error","3.7","3"
"Error-Unhandled","5.0","1"
"EV","2.8","5"
"Eval-Closure","5.0","1"
"Event","5.0","3"
"Event-Lib","5.0","2"
"Every","5.0","1"
"EvilBoss","1.3","3"
"ex-lib","5.0","1"
"Excel-Template","3.0","2"
"Excel-Writer-XLSX","4.9","13"
"excel2txt","4.3","3"
"Exception-Class","4.9","8"
"Exception-Simple","5.0","1"
"Exception-ThrowUnless","1.0","1"
"Expect","4.6","5"
"experimental","5.0","2"
"Exporter-AutoClean","5.0","1"
"Exporter-Easy","4.0","2"
"Exporter-Renaming","5.0","1"
"ExtUtils-AutoInstall","3.0","2"
"ExtUtils-CBuilder","5.0","1"
"ExtUtils-Depends","5.0","1"
"ExtUtils-MakeMaker","4.3","4"
"ExtUtils-MakeMaker-Dist-Zilla-Develop","5.0","1"
"ExtUtils-ModuleMaker","4.5","2"
"ExtUtils-TBone","5.0","1"
"Ez-Printer","1.0","2"
"Ez-Println","1.0","2"
"Ez-Tf","1.0","4"
"Facebook-Graph","5.0","2"
"faceplant","5.0","1"
"FactorOracle","1.0","1"
"fameperl","3.0","1"
"Farabi","4.0","1"
"Faster","1.0","1"
"FCGI-Engine","5.0","1"
"FEAR-API","5.0","1"
"Feersum","4.0","1"
"FFI","4.0","1"
"FFI-Platypus","5.0","1"
"File-Archive","5.0","1"
"File-Assets","1.0","1"
"File-BaseDir","5.0","1"
"File-Bidirectional","4.0","1"
"File-BOM","4.0","1"
"File-ChangeNotify","3.0","2"
"File-chdir","5.0","2"
"File-Compare","5.0","1"
"File-Copy-Link","5.0","1"
"File-Copy-Recursive","3.5","4"
"File-Defrag","3.5","2"
"File-DirCompare","4.7","3"
"File-DirWalk","2.0","3"
"File-FDpasser","4.0","1"
"File-Find-Duplicates","4.0","3"
"File-Find-Rule","4.5","15"
"File-Find-Rule-Age","4.0","1"
"File-Find-Rule-Perl","4.0","1"
"File-Find-Wanted","3.7","3"
"File-Finder","3.0","2"
"File-FindLib","5.0","1"
"File-HomeDir","5.0","4"
"File-Hotfolder","5.0","1"
"File-Info","2.0","1"
"File-LibMagic","4.5","2"
"File-Locate","5.0","1"
"File-Map","3.3","4"
"File-MimeInfo","5.0","1"
"File-MMagic","2.0","3"
"File-MMagic-XS","2.0","1"
"File-Monitor","5.0","1"
"File-Munger","2.0","1"
"File-NCopy","4.0","1"
"File-Open-OOP","1.0","1"
"File-Package","1.0","1"
"File-Path","5.0","2"
"File-Path-Tiny","5.0","1"
"File-Pid","2.3","3"
"File-ReadBackwards","4.0","2"
"File-ReadSimple","1.0","5"
"File-Recurse","5.0","1"
"File-Recycle","1.0","2"
"File-Remove","4.0","1"
"File-Rsync-Mirror-Recent","5.0","1"
"File-RsyncP","5.0","1"
"File-Scan","5.0","1"
"File-Searcher","1.0","1"
"File-ShareDir","4.5","2"
"File-Size","3.0","2"
"File-Slurp","3.1","13"
"File-Slurp-Tiny","2.0","1"
"File-Slurp-Tree","4.0","1"
"File-Slurp-Unicode","1.0","1"
"File-Slurper","5.0","2"
"File-SortedSeek","5.0","1"
"File-Spec","4.0","3"
"File-Stat","1.0","1"
"File-Stat-Moose","1.0","1"
"File-Stat-OO","2.0","2"
"File-Stream","4.0","1"
"File-Tail","4.0","2"
"File-Tail-Dir","3.0","1"
"File-Temp","4.3","9"
"File-Tools","5.0","1"
"File-Trash","2.0","2"
"File-Type","1.3","3"
"File-Where","5.0","1"
"File-Which","5.0","1"
"File-Wildcard","1.0","1"
"FileHandle-Deluxe","5.0","1"
"Filesys-Df","5.0","1"
"Filesys-DfPortable","5.0","1"
"Filesys-DiskFree","1.0","1"
"Filesys-DiskUsage","5.0","1"
"Filesys-Notify-Simple","4.5","2"
"Filesys-Statvfs_Df","5.0","1"
"Filesys-Virtual","3.0","1"
"Filter-Crypto","4.0","1"
"Filter-Include","3.0","1"
"Filter-Indent-HereDoc","4.0","1"
"Filter-Macro","5.0","1"
"Filter-Simple","4.5","2"
"Filter-Unpound","1.0","1"
"Finance-Bank-AU-StGeorge","3.0","1"
"Finance-Currency-Convert","5.0","2"
"Finance-Currency-Convert-WebserviceX","5.0","2"
"Finance-Currency-Convert-XE","3.0","1"
"Finance-Currency-Convert-Yahoo","3.0","1"
"Finance-NASDAQ-Quote","2.0","1"
"Finance-OFX-Parse-Simple","3.5","2"
"Finance-QuoteHist","4.5","2"
"Finance-Robinhood","5.0","1"
"Find-Lib","4.0","1"
"FindBin-libs","4.0","2"
"FindBin-Real","5.0","1"
"Flexible-Output-Printer","1.0","1"
"Flexible-Scripting-Tools","1.0","1"
"Flickr-Upload","5.0","4"
"FLV-Info","4.0","2"
"Food-ECodes","4.0","1"
"forks","5.0","3"
"Form-Processor","5.0","1"
"Format-Human-Bytes","4.0","2"
"FormValidator-LazyWay","5.0","1"
"FormValidator-Lite","5.0","1"
"FormValidator-Simple","5.0","3"
"FreeBSD-i386-Ptrace","5.0","1"
"Froody","2.0","1"
"FSA-Rules","4.0","3"
"Function-Parameters","5.0","1"
"Furl","4.0","2"
"Fuse","4.0","2"
"Fuse-Class","4.0","1"
"FusionInventory-Agent","4.0","1"
"Games-2048","5.0","1"
"Games-Cards","4.0","1"
"Games-Literati","5.0","1"
"Games-Nintendo-Mario","5.0","1"
"Games-Sudoku","4.0","2"
"Games-Sudoku-CLI","5.0","1"
"Games-WoW-Armory","4.0","1"
"Games-Zumbis","5.0","1"
"Gantry","2.0","1"
"GD","5.0","5"
"GD-Barcode","3.3","3"
"GD-Graph-radar","5.0","1"
"GD-Graph3d","5.0","1"
"gd-rppng","4.0","1"
"GD-SecurityImage","4.5","2"
"GDGraph","4.9","9"
"GDGraph-histogram","2.0","1"
"GDS2","4.5","2"
"GDTextUtil","5.0","1"
"Gearman-XS","5.0","1"
"Genezzo","5.0","1"
"Geo-Approx","5.0","1"
"Geo-Calc","2.0","1"
"Geo-Coder-Google","4.5","2"
"Geo-Coder-GoogleMaps","1.0","1"
"Geo-Coder-Googlev3","1.0","1"
"Geo-Coder-Ovi","5.0","1"
"Geo-Coder-RandMcnally","5.0","1"
"Geo-Coder-US","5.0","2"
"Geo-Compass-Variation","5.0","1"
"Geo-Coordinates-Converter","5.0","1"
"Geo-Coordinates-DecimalDegrees","5.0","1"
"Geo-Coordinates-OSGB","5.0","1"
"Geo-Coordinates-UTM","5.0","1"
"Geo-Distance-XS","5.0","1"
"Geo-Google-PolylineEncoder","5.0","2"
"Geo-Google-StaticMaps","4.0","1"
"Geo-GoogleEarth-Document","1.0","1"
"Geo-Gpx","4.0","1"
"Geo-IP","4.3","3"
"Geo-IP2Location","5.0","1"
"Geo-IP2Location-Lite","5.0","1"
"Geo-Location-TimeZone","2.0","1"
"Geo-OGC-Geometry","3.0","1"
"Geo-Postcode","2.0","1"
"Geo-Proj4","5.0","1"
"Geo-ShapeFile","5.0","4"
"Geo-Shapelib","1.0","2"
"Geo-UK-Postcode","5.0","1"
"Geo-Vector","1.0","1"
"Geometry-Formula","2.0","1"
"getaddress","1.0","1"
"Getopt-ArgvFile","5.0","5"
"Getopt-Auto","4.5","2"
"Getopt-Casual","4.0","1"
"Getopt-Clade","1.0","1"
"Getopt-Compact","4.5","2"
"Getopt-Declare","3.0","1"
"Getopt-Easy","3.0","2"
"Getopt-Euclid","4.5","2"
"Getopt-Long","4.3","12"
"Getopt-Long-Descriptive","4.0","2"
"Getopt-Lucid","5.0","3"
"Getopt-Simple","5.0","1"
"Gimp","5.0","1"
"Git-CPAN-Patch","5.0","1"
"Git-Demo","1.0","1"
"Git-FastExport","5.0","2"
"Git-Megapull","5.0","1"
"Git-PurePerl","4.0","1"
"Git-Raw","5.0","3"
"Git-Repository","5.0","6"
"Git-Wrapper","4.5","2"
"Glib-Object-Introspection","5.0","1"
"GMail-Checker","5.0","1"
"Gnome2-GConf","2.0","2"
"GnuPG","3.5","2"
"GnuPG-Interface","4.0","1"
"Google-Adwords","4.0","1"
"Google-API-Client","2.5","2"
"Google-Checkout","5.0","1"
"Google-GeoCoder-Smart","3.5","2"
"Google-Search","4.8","4"
"google_talk_bot","1.0","2"
"GPIB","5.0","1"
"GPS-Tools","1.0","1"
"Graph","4.3","6"
"Graph-Easy","5.0","2"
"Graph-ReadWrite","5.0","1"
"Graphics-ColorNames","5.0","1"
"Graphics-GnuplotIF","3.0","1"
"GraphViz","5.0","1"
"GraphViz-DBI","2.0","1"
"GraphViz-ISA-Multi","4.0","1"
"Graph_Timeline.1.0","2.0","1"
"GRID-Machine","5.0","1"
"Gtk-HandyCList","1.0","1"
"Gtk-Perl","1.0","2"
"Gtk2","5.0","2"
"Gtk2-Ex-DBI","3.0","1"
"Gtk2-Ex-PodViewer","5.0","1"
"Gtk2-GladeXML-OO","5.0","1"
"Gtk2-Notify","4.0","1"
"Guard","5.0","1"
"guestbook","1.0","1"
"Gzip-Faster","5.0","1"
"Hash-AsObject","5.0","2"
"Hash-Diff-Dispatch","1.0","1"
"Hash-Flatten","5.0","1"
"Hash-Merge","4.0","2"
"Hash-Merge-Simple","3.0","2"
"Hash-Work","1.0","1"
"Haver-Server","1.0","1"
"HDB","1.0","1"
"Heap","3.0","2"
"HelpUScript-Printing-Newlines","1.0","2"
"Hoof","1.0","2"
"Hook-AfterRuntime","5.0","1"
"Hook-LexWrap","4.0","1"
"HTML-CalendarMonth","5.0","1"
"HTML-CalendarMonthSimple","4.0","2"
"HTML-CheckArgs","1.0","1"
"HTML-Clean","2.0","1"
"HTML-Copy","5.0","1"
"HTML-Dashboard","5.0","1"
"HTML-DBForm","5.0","1"
"HTML-DBTable","2.0","1"
"HTML-Defaultify","1.0","1"
"HTML-Detoxifier","3.5","2"
"HTML-Diff","3.0","1"
"HTML-DOM","5.0","1"
"HTML-EasyTable","1.0","1"
"HTML-Element-Tiny","2.0","1"
"HTML-Embperl","5.0","1"
"HTML-Escape","5.0","1"
"HTML-Feature","3.0","1"
"HTML-FillInForm","4.7","3"
"HTML-FillInForm-Lite","4.0","1"
"HTML-Form","4.0","1"
"HTML-Format","5.0","2"
"HTML-FormatData","1.0","1"
"HTML-FormatText-WithLinks","5.0","1"
"HTML-FormFiller","1.0","1"
"HTML-FormFu","3.7","6"
"HTML-FormHandler","4.7","3"
"HTML-FromANSI","4.0","1"
"HTML-FromText","4.0","1"
"HTML-GenerateUtil","5.0","1"
"HTML-GenToc","4.0","2"
"HTML-GoogleMaps","5.0","1"
"HTML-GoogleMapsV3","2.0","1"
"HTML-Grabber","2.0","1"
"HTML-HTML5-Entities","1.0","1"
"HTML-HTMLDoc","3.5","4"
"HTML-LinkExtractor","5.0","1"
"HTML-Mail","2.0","1"
"HTML-Mason","4.9","13"
"HTML-Merge","3.0","1"
"HTML-Obliterate","1.0","1"
"HTML-Pager","2.0","1"
"HTML-Paging-SQL","2.0","1"
"HTML-Parser","4.9","8"
"HTML-Perlinfo","3.0","4"
"HTML-PopupTreeSelect","5.0","1"
"HTML-Prototype","4.0","2"
"HTML-ReportWriter","3.5","2"
"HTML-ResolveLink","5.0","1"
"HTML-Restrict","4.3","3"
"HTML-Sanitizer","1.0","1"
"HTML-Scrubber","4.5","4"
"HTML-Seamstress","5.0","1"
"HTML-Strip","4.7","3"
"HTML-Stripper","5.0","1"
"HTML-StripScripts-Parser","5.0","1"
"HTML-Table","4.4","5"
"HTML-TableExtract","4.7","7"
"HTML-TableParser","4.3","4"
"HTML-TableParser-Grid","5.0","1"
"HTML-TableTiler","5.0","1"
"HTML-Tabulate","4.0","1"
"HTML-Tag","1.0","1"
"HTML-TagCloud","5.0","1"
"HTML-TagReader","5.0","1"
"HTML-Template","3.9","21"
"HTML-Template-Compiled","4.8","5"
"HTML-Template-Compiled-Plugin-Comma","5.0","1"
"HTML-Template-Default","2.0","1"
"HTML-Template-Dumper","5.0","1"
"HTML-Template-Pluggable","4.0","2"
"HTML-Template-Pro","5.0","1"
"HTML-Tidy","2.7","6"
"HTML-Tiny","4.0","2"
"HTML-TokeParser-Simple","4.0","1"
"HTML-Tree","4.9","8"
"HTML-TreeBuilder-LibXML","5.0","1"
"HTML-TreeBuilder-XPath","4.3","4"
"HTML-Widget","3.0","1"
"HTML-Widgets-NavMenu","5.0","2"
"HTML-Widgets-SelectLayers","1.0","1"
"HTML-WikiConverter","4.5","4"
"HTML-WikiConverter-Markdown","5.0","1"
"HTML-XSSLint","1.0","1"
"HTML-Zoom","5.0","1"
"HTML2XHTML","1.0","1"
"HTTP-AppServer","1.0","1"
"HTTP-Async","4.0","2"
"HTTP-Body","3.0","1"
"HTTP-BrowserDetect","4.3","4"
"HTTP-Cache-Transparent","4.5","2"
"HTTP-Date","5.0","2"
"HTTP-DAV","5.0","2"
"HTTP-Engine","4.0","3"
"http-handle","5.0","1"
"HTTP-Headers-Patch-DontUseStorable","1.0","1"
"HTTP-MobileAgent","5.0","1"
"HTTP-Proxy","4.4","5"
"HTTP-ProxyPAC","4.0","1"
"HTTP-ProxySelector","5.0","1"
"HTTP-QuickBase","5.0","1"
"HTTP-Recorder","3.7","3"
"HTTP-Response-Stringable","1.0","1"
"HTTP-Router","2.0","1"
"HTTP-Server-Brick","4.5","2"
"HTTP-Server-Simple","3.8","8"
"HTTP-Size","4.0","1"
"HTTP-Thin","4.0","1"
"HTTP-Tiny","4.9","8"
"HTTP-UA-Parser","3.0","1"
"HTTP-WebTest","4.8","4"
"I18N-AcceptLanguage","5.0","1"
"iCal-Parser","2.0","1"
"IDNA-Punycode","1.5","2"
"if","5.0","1"
"illguts","5.0","1"
"Image-Delivery","4.0","1"
"Image-Epeg","4.5","2"
"Image-EXIF","3.5","2"
"Image-ExifTool","4.8","10"
"Image-Grab","5.0","1"
"Image-Identicon","5.0","1"
"Image-Imlib2","3.7","3"
"Image-Info","4.7","6"
"Image-IPTCInfo","5.0","2"
"Image-LibRSVG","3.0","1"
"Image-Math-Constrain","5.0","1"
"Image-MetaData-JPEG","5.0","1"
"Image-Resize","4.0","2"
"Image-Size","5.0","5"
"Image-Timeline","3.0","1"
"Imager","4.8","12"
"Imager-DTP","4.0","1"
"Imager-Screenshot","5.0","1"
"IMDB-Film","5.0","1"
"IMDB-Movie","3.0","1"
"ImplicitThis","1.0","1"
"Inline","5.0","2"
"Inline-C","5.0","2"
"Inline-CPP","3.0","3"
"Inline-Files","5.0","1"
"Inline-Java","5.0","6"
"Inline-Octave","5.0","1"
"Inline-Python","5.0","1"
"Inline-Struct","3.0","1"
"Inline-TT","4.0","1"
"install","5.0","1"
"interface","1.0","1"
"Internals-CountObjects","5.0","1"
"Interpolate","1.0","1"
"IntervalTree","4.0","1"
"invoker","5.0","1"
"IO-AIO","5.0","1"
"IO-All","4.3","9"
"IO-All-LWP","5.0","1"
"IO-Async","5.0","2"
"IO-Barf","3.0","2"
"IO-BufferedSelect","5.0","1"
"IO-Callback","5.0","1"
"IO-CaptureOutput","5.0","3"
"IO-CSVHeaderFile","2.0","1"
"IO-Interactive","5.0","1"
"IO-Interface","5.0","1"
"IO-Lambda","4.5","2"
"IO-Moose","5.0","1"
"IO-Prompt","3.5","4"
"IO-Socket-PortState","5.0","1"
"IO-Socket-SSL","4.5","2"
"IO-Socket-Timeout","4.0","1"
"IO-String","4.3","3"
"IO-stringy","5.0","1"
"IO-Tokenized","2.0","1"
"IO-Toolkit","1.0","1"
"IO-Unread","5.0","1"
"IO-Util","1.0","1"
"IO-Zlib","4.0","3"
"IOToolkit","1.0","1"
"IO_CSVHeaderFile","5.0","1"
"IP-China","2.0","2"
"IP-Country","5.0","3"
"IPC-Cmd","5.0","1"
"IPC-DirQueue","5.0","2"
"IPC-Exe","5.0","1"
"IPC-Lite","4.0","1"
"IPC-Open3-Simple","4.0","1"
"IPC-Open3-Utils","4.0","1"
"IPC-PubSub","4.0","1"
"IPC-Run","4.3","6"
"IPC-Run3","4.5","2"
"IPC-SharedCache","2.0","2"
"IPC-ShareLite","4.5","2"
"IPC-System-Simple","5.0","3"
"IPTables-IPv4","1.5","2"
"Iterator","3.0","2"
"Iterator-Diamond","5.0","1"
"Iterator-File","5.0","1"
"IUP","5.0","1"
"Jabber-Connection","4.0","1"
"Jabber-Lite","1.0","1"
"Java","5.0","1"
"Java-Swing","4.0","1"
"JavaScript","4.5","4"
"JavaScript-Beautifier","5.0","1"
"JavaScript-Minifier","5.0","1"
"JavaScript-Minifier-XS","5.0","2"
"JavaScript-SpiderMonkey","3.5","2"
"JavaScript-Squish","2.0","1"
"JavaScript-V8","5.0","2"
"JDBC","5.0","1"
"JE","4.8","4"
"Jemplate","4.3","3"
"JIRA-Client","4.4","5"
"jmx4perl","5.0","2"
"JS-JS","1.0","1"
"JSON","3.8","4"
"JSON-CPAN-Meta","2.0","1"
"JSON-Create","2.5","2"
"JSON-DWIW","4.0","2"
"JSON-MaybeXS","5.0","1"
"JSON-MultiValueOrdered","5.0","1"
"JSON-Parse","5.0","1"
"JSON-Path","5.0","1"
"JSON-PP","5.0","1"
"JSON-RPC2","5.0","1"
"JSON-Schema","2.0","2"
"JSON-Streaming-Reader","4.0","1"
"JSON-Syck","1.0","1"
"JSON-XS","4.0","11"
"jsonpretty","5.0","1"
"JSONY","4.0","1"
"Judy","5.0","1"
"Jvm","1.0","1"
"Kelp","5.0","3"
"Kephra","5.0","1"
"KinoSearch","5.0","4"
"KinoSearch1","5.0","2"
"Kolab","1.0","1"
"Kwiki","3.2","6"
"Kwiki-Attachments","4.0","3"
"Kwiki-ShortcutLinks","5.0","2"
"Kwiki-Spork","2.0","1"
"Kwiki-Theme-TabNav","4.0","1"
"L","4.0","1"
"lambda","2.0","1"
"Language-P","5.0","1"
"Language-Prolog-Yaswi","5.0","1"
"last","1.0","1"
"LaTeX-Parser","1.0","1"
"LaTeX-Pod","5.0","1"
"LaTeX-TikZ","5.0","1"
"LaTeX-TOM","2.0","1"
"Lazy-Lockfile","5.0","1"
"Lexical-Persistence","5.0","2"
"lib-xi","5.0","1"
"libapreq","4.0","1"
"libapreq2","5.0","2"
"libnet","4.7","6"
"libwin32","2.0","2"
"libwww-perl","4.9","14"
"Lingua-Boolean","3.0","1"
"Lingua-Concordance","5.0","1"
"Lingua-Conjunction","5.0","1"
"Lingua-DE-Num2Word","4.0","1"
"Lingua-EN-ABC","5.0","1"
"Lingua-EN-AddressParse","3.8","5"
"Lingua-EN-AR","1.0","1"
"Lingua-EN-Conjugate","5.0","1"
"Lingua-EN-GivenNames","1.0","1"
"Lingua-EN-Infinitive","4.0","1"
"Lingua-EN-Inflect","4.5","2"
"Lingua-EN-Keywords","2.0","1"
"Lingua-EN-NameCase","4.0","1"
"Lingua-EN-Nickname","4.0","2"
"Lingua-EN-Numbers","3.5","4"
"Lingua-EN-Numbers-Ordinate","5.0","1"
"Lingua-EN-Numericalize","5.0","1"
"Lingua-EN-PluralToSingular","5.0","1"
"Lingua-EN-Sentence","2.5","2"
"Lingua-EN-Tagger","4.0","2"
"Lingua-FA-Number","1.0","1"
"Lingua-Identify","4.0","2"
"Lingua-Ispell","4.0","2"
"Lingua-IT-Numbers","2.0","1"
"Lingua-JA-Number","3.0","1"
"Lingua-JA-Numbers","5.0","1"
"Lingua-JA-TermExtractor","1.0","1"
"Lingua-LO-Romanize","5.0","1"
"Lingua-Metadata","1.0","1"
"Lingua-NO-Num2Word","4.0","1"
"Lingua-Num2Word","5.0","1"
"Lingua-Phoneme","1.0","1"
"Lingua-PT-Nums2Words","5.0","1"
"Lingua-Rhyme","1.0","1"
"Lingua-Ru-Numeric-Declension","5.0","1"
"Lingua-Stem","5.0","1"
"Lingua-Stem-Fr","2.0","1"
"Lingua-StopWords","5.0","1"
"Lingua-SV-Num2Word","4.0","1"
"Lingua-Syllable","1.0","1"
"Lingua-tlhInganHol-yIghun","5.0","2"
"Lingua-Translate","5.0","1"
"Lingua-Wordnet","2.0","1"
"link_NCBI","2.0","1"
"Linux-Inotify2","4.3","3"
"Linux-LVM","2.0","1"
"Linux-Prctl","1.0","1"
"Linux-Statistics","3.0","1"
"LISP","2.0","2"
"Lisp-Fmt","1.0","1"
"list","1.0","1"
"List-AllUtils","5.0","2"
"List-Compare","4.7","3"
"List-Cycle","4.0","1"
"List-Gen","5.0","2"
"List-Haystack","1.0","1"
"List-Intersperse","5.0","1"
"List-Maker","4.0","1"
"List-MoreUtil","1.5","2"
"List-MoreUtils","4.7","7"
"List-Objects-WithUtils","5.0","1"
"List-Pairwise","5.0","1"
"List-PriorityQueue","4.0","1"
"list_versions","3.0","1"
"load","1.0","1"
"LoadHtml","1.0","2"
"local-lib","4.8","5"
"Locale-Country-Multilingual","4.0","1"
"Locale-Currency-Format","4.0","3"
"Locale-Geocode","1.0","1"
"Locale-Hebrew","4.0","2"
"Locale-Maketext-Lexicon","4.5","2"
"Locale-PO","3.0","1"
"Locale-SubCountry","4.3","4"
"LockFile-Simple","5.0","1"
"Log","1.0","1"
"Log-Any","5.0","3"
"Log-Delta","2.0","1"
"Log-Dispatch","5.0","2"
"Log-Dispatch-FileRotate","3.0","2"
"Log-Easy","2.5","4"
"Log-Fast","5.0","1"
"Log-Fine","3.0","1"
"Log-Handler","4.7","3"
"Log-Log4perl","4.4","12"
"Log-Log4perl-Layout-GELF","5.0","1"
"Log-Log4perl-Tiny","5.0","1"
"Log-Minimal","2.0","1"
"Log-Procmail","5.0","1"
"Log-Tiny","3.0","2"
"Log-WarnDie","5.0","1"
"Logfile","3.0","1"
"Logfile-Rotate","3.0","1"
"Logger","1.0","1"
"logme","1.0","1"
"LSF","5.0","1"
"Lua-API","5.0","1"
"Lucene","3.3","3"
"LWP-Authen-OAuth","4.0","1"
"LWP-Curl","4.0","2"
"LWP-Protocol-Net-Curl","5.0","2"
"LWP-Protocol-sftp","5.0","1"
"LWP-UserAgent-Anonymous","2.0","1"
"LWP-UserAgent-Determined","5.0","2"
"LWP-UserAgent-Mockable","5.0","1"
"LWP-UserAgent-Patch-LogResponse","2.0","1"
"LWPx-ParanoidAgent","5.0","2"
"LWPx-ParanoidHandler","2.0","1"
"Lyrics-Fetcher-Google","4.0","1"
"M","3.0","2"
"MAB2","3.0","1"
"Mac-AppleScript","4.0","1"
"Mac-Carbon","1.0","1"
"Mac-Errors","5.0","1"
"Mac-FSEvents","3.7","3"
"Mac-Glue","4.5","2"
"Mac-Growl","5.0","1"
"Mac-iPod-GNUpod","5.0","1"
"Mac-Pasteboard","5.0","1"
"Mac-PropertyList","3.3","3"
"Mac-PropertyList-SAX","4.0","1"
"Mac-Spotlight","1.0","1"
"Mail-Addressbook-Convert","2.0","1"
"Mail-Audit","4.0","2"
"Mail-Box","4.2","5"
"Mail-Cclient","1.0","1"
"Mail-CheckUser","4.0","1"
"Mail-DeliveryStatus-BounceParser","1.0","2"
"Mail-DKIM","5.0","1"
"Mail-IMAPClient","4.1","9"
"Mail-IMAPTalk","4.0","2"
"Mail-Mbox-MessageParser","4.0","1"
"Mail-MboxParser","3.0","4"
"Mail-Milter","1.0","1"
"Mail-POP3Client","5.0","1"
"Mail-SendEasy","5.0","3"
"Mail-Sender","5.0","5"
"Mail-Sender-0.8.10","4.0","1"
"Mail-Sender-Easy","4.7","3"
"Mail-Sendmail","4.3","11"
"Mail-SpamAssassin","4.7","3"
"Mail-SpamAssassin-Contrib-Plugin-IPFilter","5.0","1"
"Mail-SpamAssassin-SpamCopURI","5.0","2"
"Mail-Transport-Dbx","5.0","1"
"Mail-Webmail-Gmail","2.5","2"
"MailTools","2.3","6"
"Make","4.0","1"
"Makefile-Parser","5.0","1"
"makepatch","5.0","2"
"makepp","4.5","2"
"MARC-Lint","5.0","1"
"Markdent","4.0","1"
"Markdown-Pod","2.0","1"
"Marpa-R2","5.0","1"
"MasonX-Interp-WithCallbacks","4.0","1"
"MasonX-Request-WithApacheSession","3.0","1"
"match-simple","5.0","2"
"Math","1.3","3"
"Math-Algebra-Symbols","5.0","1"
"Math-Base36","5.0","1"
"Math-BaseCalc","5.0","2"
"Math-BigInt","4.0","1"
"Math-BigInt-Named","3.0","1"
"Math-BigSimple","4.0","1"
"Math-Cartesian-Product","1.0","1"
"Math-Cephes","5.0","1"
"Math-Combinatorics","4.8","4"
"Math-Counting","5.0","1"
"Math-Curve-Hilbert","2.0","1"
"Math-Expression-Evaluator","5.0","1"
"Math-Geometry-Planar-GPC-Polygon","4.0","1"
"Math-Gradient","5.0","1"
"Math-Int128","5.0","1"
"Math-Int64","5.0","1"
"Math-LP-Solve","4.0","1"
"Math-MatrixReal","4.0","1"
"Math-MatrixSparse","1.0","1"
"Math-MultiplicationTable","1.0","1"
"Math-Numbers","3.0","1"
"Math-Permute-Lists","5.0","1"
"Math-Polygon","4.7","3"
"Math-Random-ISAAC","5.0","1"
"Math-Random-ISAAC-XS","5.0","1"
"Math-Random-MT","5.0","1"
"Math-RandomOrg","5.0","1"
"Math-Round","5.0","1"
"Math-Round-Var","5.0","1"
"Math-RPN","4.0","2"
"Math-TrulyRandom","1.7","3"
"Math-VectorReal","5.0","1"
"Math-XOR","1.0","3"
"Math-Zap","3.0","1"
"Maypole","4.0","2"
"MCE","5.0","4"
"Mcrypt","5.0","1"
"MD5-Reverse","1.0","1"
"Media-Type-Simple","3.0","1"
"MediaWiki-API","4.8","4"
"MediaWiki-DumpFile","5.0","2"
"Meerkat","5.0","1"
"mem","1.0","2"
"Memoize","5.0","2"
"Memory-Usage","1.0","1"
"Message-Passing-ZeroMQ","5.0","1"
"MetaCPAN-API","5.0","1"
"Metadata","5.0","1"
"MetaStore","1.0","1"
"Method-Signatures","5.0","4"
"Method-Signatures-Simple","5.0","2"
"MIME-Base64","5.0","3"
"MIME-Explode","5.0","1"
"MIME-Lite","4.7","11"
"MIME-Lite-HTML","5.0","1"
"MIME-tools","4.0","6"
"MIME-Types","3.0","1"
"MiscUtils","1.0","1"
"Mixin-Event-Dispatch","3.0","1"
"MMM-Sylk","3.0","1"
"Mo","4.0","4"
"Mobile-UserAgent","5.0","1"
"MobileDetect","2.0","1"
"Mock-Person-SV","1.0","1"
"Mock-Quick","5.0","1"
"ModPerl2-Tools","5.0","1"
"Module-Advisor","4.0","1"
"Module-Build","3.0","22"
"Module-Build-Prereq","1.0","1"
"Module-Changes","3.0","2"
"Module-CoreList","5.0","6"
"Module-CPANTS-Analyse","5.0","1"
"Module-Crypt","4.0","1"
"Module-Dependency","3.0","2"
"Module-Info","5.0","1"
"Module-Inspector","2.0","2"
"Module-Install","3.6","7"
"Module-Install-CheckLib","5.0","1"
"Module-Install-XSUtil","5.0","1"
"Module-InstalledVersion","3.0","1"
"Module-Load","5.0","1"
"Module-MakefilePL-Parse","5.0","1"
"Module-Mask","5.0","1"
"Module-New","4.0","1"
"Module-Package","5.0","1"
"Module-Pluggable","4.3","3"
"Module-Pluggable-Fast","1.0","2"
"Module-Refresh","5.0","1"
"Module-Release-Extras","4.0","1"
"Module-Reload","5.0","1"
"Module-Runtime","5.0","1"
"Module-Signature","3.0","4"
"Module-Starter","4.0","5"
"Module-ThirdParty","5.0","1"
"Module-Versions-Report","4.0","1"
"mod_perl","4.8","4"
"Mojo","4.0","1"
"Mojo-SQLite","4.0","1"
"Mojolicious","4.7","22"
"Mojolicious-Plugin-CHI","5.0","1"
"Mojolicious-Plugin-Database","1.0","1"
"Mojolicious-Plugin-Mail","4.3","3"
"Mojolicious-Plugin-MailException","5.0","1"
"Mojolicious-Plugin-MySQLViewerLite","4.0","1"
"Mojolicious-Plugin-Notifications","5.0","1"
"Mojolicious-Plugin-PDFRenderer","2.0","1"
"Mojolicious-Plugin-RenderFile","5.0","1"
"MongoDB","5.0","6"
"Monitor-Simple","5.0","1"
"Monkey-Patch","5.0","1"
"Monkeywrench","1.0","1"
"Moo","4.3","6"
"Moo-Lax","5.0","1"
"Moops","4.5","2"
"Moos","4.0","1"
"Moose","4.9","19"
"Moose-Tiny","3.1","9"
"MooseX-ABC","3.0","2"
"MooseX-AbstractFactory","4.0","1"
"MooseX-Alien","4.0","1"
"MooseX-AttributeHelpers","5.0","3"
"MooseX-Clone","4.0","1"
"MooseX-Iterator","4.0","1"
"MooseX-Lexical-Types","5.0","1"
"MooseX-Log-Log4perl","5.0","1"
"MooseX-LogDispatch","5.0","2"
"MooseX-Meta-Attribute-Index","5.0","1"
"MooseX-Meta-Attribute-Lvalue","2.0","1"
"MooseX-Method-Signatures","3.7","3"
"MooseX-MethodAttributes","5.0","1"
"MooseX-NonMoose","5.0","1"
"MooseX-Privacy","5.0","1"
"MooseX-Role-Parameterized","5.0","2"
"MooseX-Singleton","5.0","1"
"MooseX-Types-DateTimeX","1.0","1"
"MooseX-Types-Path-Class","3.0","1"
"MooX-ClassAttribute","5.0","1"
"MorboDB","5.0","1"
"Mouse","5.0","5"
"MouseX-Foreign","5.0","1"
"Mozilla-CA","3.0","2"
"MP3-Info","4.0","1"
"MP3-Info-set_mp3v2tag","4.0","1"
"MP3-PodcastFetch","4.0","1"
"MP4-Info","5.0","1"
"MPEG-Audio-Frame","4.0","1"
"MPEG-MP3Play","4.0","1"
"mpp","2.0","1"
"MQSeries","4.3","4"
"MsOffice-Word-HTML-Writer","5.0","2"
"Msql-Mysql-modules","5.0","1"
"MySQL-Diff","5.0","1"
"Mysql-Query-Parser","1.0","1"
"MySQL-Sandbox","5.0","1"
"MySQL-Slurp","5.0","1"
"Nagios-NSCA","2.0","1"
"Nagios-Object","2.5","2"
"Nagios-Passive","5.0","1"
"Nagios-Plugin","5.0","2"
"namespace-autoclean","4.7","3"
"namespace-clean","5.0","1"
"namespace-sweep","5.0","1"
"NanoMsg-Raw","4.0","1"
"NCBI","1.0","1"
"NDFD-Weather-Report","5.0","1"
"Net-Address-Ethernet","5.0","1"
"Net-Address-IP-Local","5.0","1"
"Net-AIM","3.0","1"
"Net-Amazon","5.0","2"
"Net-Amazon-EC2","5.0","1"
"Net-Amazon-S3","2.0","2"
"Net-Amazon-Signature","4.0","1"
"Net-AMQP","1.0","1"
"Net-Appliance-Session","5.0","1"
"Net-ARP","1.0","3"
"Net-Azure-BlobService","4.0","1"
"Net-BGP","3.0","1"
"Net-BitTorrent-File","5.0","1"
"Net-Braintree","2.5","2"
"Net-Cassandra-Easy","1.0","1"
"Net-CDDBSearch","4.0","1"
"Net-CDP","3.0","1"
"Net-CIDR-Lite","4.0","1"
"Net-Cisco-ConfigGenerator","1.0","1"
"Net-Cisco-QualityAssurance","1.0","1"
"Net-Common","1.0","1"
"Net-CUPS","4.0","1"
"Net-Curl","5.0","1"
"Net-Daemon","5.0","1"
"Net-DBus","3.3","3"
"Net-Delicious","4.0","2"
"Net-Dev-MIBLoadOrder","4.0","1"
"Net-Dict","4.5","2"
"Net-DNS","4.6","5"
"Net-DNS-Check","4.0","1"
"Net-DNS-IgnoreVerisign","1.0","1"
"Net-Domain-ExpireDate","5.0","1"
"Net-Domain-TLD","4.0","1"
"Net-ESMTP","4.0","1"
"Net-FileMaker","4.0","1"
"Net-Flickr-Backup","4.5","2"
"Net-FS-Flickr","5.0","1"
"Net-FTP-Recursive","2.5","2"
"Net-FTP-Throttle","5.0","1"
"Net-FTPServer","4.0","1"
"Net-FullAuto","1.0","3"
"Net-Google-Calendar","3.7","7"
"Net-Google-DataAPI","4.0","1"
"Net-Google-Drive-Simple","4.0","1"
"Net-Google-GData","1.0","1"
"Net-Google-Spreadsheets","2.0","2"
"Net-Graphite","5.0","2"
"Net-GrowlClient","5.0","1"
"Net-HL7","4.0","1"
"Net-HTTP-Spore","5.0","1"
"Net-HTTPServer","4.5","2"
"Net-ICal","1.5","2"
"Net-Ident","5.0","1"
"Net-Ifconfig-Wrapper","2.0","1"
"Net-ILO","4.0","1"
"Net-IMAP-Client","5.0","1"
"Net-IMAP-Simple-SSL","4.0","1"
"Net-IP-CMatch","4.0","1"
"Net-IP-Match","3.5","2"
"Net-IP-Match-Regexp","2.0","1"
"Net-IP-Match-XS","4.0","2"
"Net-IP-Minimal","5.0","1"
"Net-IPv6Address","1.0","1"
"Net-IRC","3.5","2"
"Net-IRCService","2.0","1"
"Net-Jabber","3.0","3"
"Net-Jabber-Bot","5.0","1"
"Net-Laconica","1.0","1"
"Net-LDAP-Server","3.0","2"
"Net-LDAP-Server-Test","5.0","1"
"Net-Libdnet","3.0","1"
"Net-LimeLight-Purge","4.0","1"
"Net-Lite-XMPP","1.0","1"
"Net-LPR","5.0","2"
"Net-MAC-Vendor","5.0","1"
"Net-MeasuringBandwidth","1.0","1"
"Net-MovableType","5.0","1"
"Net-Msmgr","4.0","1"
"Net-MSN","3.0","1"
"Net-MySQL","3.3","3"
"Net-Netid","2.0","1"
"Net-Netmask","5.0","2"
"Net-OAuth-Simple","4.0","1"
"Net-OAuth2","3.0","2"
"Net-OpenID-Consumer","2.0","2"
"Net-OpenSSH","5.0","6"
"Net-OSCAR","4.8","4"
"Net-Packet","1.0","1"
"Net-Patricia","5.0","1"
"Net-Pcap","4.5","2"
"Net-Ping-External","5.0","2"
"Net-PingFM","4.0","1"
"Net-Proxy","5.0","2"
"Net-RBLClient","5.0","1"
"Net-Rsh","2.0","1"
"Net-Server","4.0","5"
"Net-Server-POP3proxy","5.0","1"
"Net-SFTP","2.3","4"
"Net-SFTP-Foreign","5.0","4"
"Net-SFTP-Recursive","1.0","1"
"Net-SIP","5.0","1"
"Net-SMS","1.0","1"
"Net-SMS-Mtnsms","1.0","1"
"Net-SMS-PChome","1.0","1"
"Net-SMS-WAY2SMS","4.0","1"
"Net-SMS-Web","1.0","1"
"Net-SMTP-TLS","2.7","3"
"Net-SMTP-TLS-ButMaintained","2.0","1"
"Net-SMTPS","5.0","1"
"Net-SMTP_auth","5.0","2"
"Net-Squid-Purge","1.0","1"
"Net-SSH","3.5","2"
"Net-SSH-Any","4.0","1"
"Net-SSH-Expect","3.0","1"
"Net-SSH-Perl","3.9","9"
"Net-SSH2","3.5","4"
"Net-SSLeay","5.0","2"
"Net-Stomp","4.8","5"
"Net-STOMP-Client","5.0","2"
"Net-Telnet","4.0","4"
"Net-Telnet-Cisco","4.3","3"
"Net-Telnet-Options","3.0","1"
"Net-Traceroute-PurePerl","5.0","1"
"Net-Trackback","4.0","1"
"Net-Twitter","4.1","7"
"Net-Twitter-Lite","4.5","4"
"Net-UCP","4.0","1"
"Net-vCard","3.0","1"
"Net-WebSocket-Server","5.0","1"
"Net-Whois","1.0","3"
"Net-Whois-IANA","2.0","1"
"Net-Whois-Parser","5.0","1"
"Net-Whois-Raw","5.0","2"
"Net-XWhois","3.0","2"
"Net-YahooMessenger","1.0","1"
"Net-Z3950-ZOOM","2.5","2"
"NetAddr-IP","5.0","3"
"NetApp","5.0","1"
"NetObj-MacAddress","2.0","1"
"NetServer-SMTP","1.0","1"
"Net_SSLeay.pm","1.0","1"
"neverbounce","5.0","1"
"Nevermore","1.0","1"
"Newt","4.0","1"
"Nginx-ParseLog","5.0","1"
"Nmap-Parser","5.0","2"
"Nmap-Parser-XML","4.7","3"
"Nothing-Tiny","1.3","7"
"Number-Bytes-Human","5.0","1"
"Number-Format","5.0","2"
"Number-Phone-JP","5.0","1"
"Number-Phone-US","1.0","1"
"Number-Range","5.0","2"
"Number-Spell","4.0","1"
"Number-Zero","1.0","1"
"Nums2Words","5.0","2"
"o2sms","5.0","1"
"OAI-Harvester","4.0","1"
"obfuscator","1.0","1"
"Object-Anon","5.0","1"
"Object-Container","5.0","1"
"Object-Declare","4.0","1"
"Object-Destroyer","5.0","1"
"Object-Event","5.0","1"
"Object-InsideOut","4.5","2"
"Object-KVC","1.0","1"
"Object-Lexical","1.0","1"
"Object-MultiType","5.0","1"
"Object-Nano","1.0","1"
"Object-New","1.0","2"
"Object-PerlDesignPatterns","3.7","3"
"Object-Pluggable","5.0","1"
"Object-Simple","2.7","3"
"Object-Tiny","5.0","1"
"ObjectivePerl","2.0","1"
"Ocsinventory-Agent","5.0","1"
"ODF-lpOD","5.0","1"
"oEdtk","1.0","1"
"Ogg-Vorbis-Header","3.0","1"
"Oktest","2.0","1"
"OLE-Storage_Lite","5.0","1"
"only","4.0","3"
"OO-DateTime","1.0","1"
"OODoc","4.0","1"
"OOP","1.0","1"
"OOTools","4.6","5"
"OpenGL","4.3","4"
"OpenGuides","4.7","3"
"OpenOffice-OOBuilder","1.0","1"
"OpenOffice-OODoc","4.0","6"
"OpenOffice-UNO","2.5","2"
"OpenSSL","1.0","1"
"Opt","1.0","1"
"Opt-Imistic","5.0","1"
"OreOre-Danjou-HelloWorld","1.0","1"
"Orignal","1.0","1"
"ORLite","5.0","1"
"Oryx","3.0","1"
"OurNet-BBSAgent","1.0","1"
"OurNet-Query","5.0","1"
"Ovid","3.0","1"
"Oxford-Calendar","5.0","1"
"P","1.0","2"
"P4","4.5","2"
"p5-Finance-OFX","1.0","1"
"p5-Palm","4.5","2"
"package","1.0","3"
"Package-Builder","1.0","1"
"Package-Constants","3.0","1"
"Package-Generator","4.0","1"
"Padre","5.0","2"
"Padre-Plugin-PerlTidy","4.0","1"
"Padre-Plugin-WebGUI","5.0","1"
"PadWalker","4.3","3"
"PApp","3.0","1"
"PApp-SQL","5.0","1"
"PAR","5.0","3"
"PAR-Packer","3.7","3"
"ParaDNS","5.0","1"
"Parallel-Forker","5.0","1"
"Parallel-ForkManager","4.8","12"
"Parallel-Iterator","5.0","1"
"Parallel-Prefork","5.0","2"
"Parallel-Simple","5.0","1"
"ParallelUserAgent","4.0","1"
"Params-Check","5.0","1"
"Params-Clean","1.0","1"
"Params-Util","4.7","3"
"Params-Validate","4.8","8"
"Parse-AccessLogEntry","5.0","1"
"Parse-Binary","5.0","1"
"Parse-CPAN-Packages","3.0","2"
"Parse-CPAN-Ratings","3.0","1"
"Parse-CSV","4.0","3"
"Parse-FixedLength","5.0","1"
"Parse-Flex","1.0","1"
"Parse-Marpa","5.0","1"
"Parse-MediaWikiDump","4.0","1"
"Parse-RecDescent","4.0","9"
"Parse-RecDescent-FAQ","4.0","1"
"Parse-Win32Registry","5.0","1"
"Parse-Yapp","4.7","6"
"ParseCron","5.0","1"
"ParseLex","2.0","1"
"parsenative","1.0","1"
"ParseTemplate","2.0","1"
"Passwd-Linux","3.0","2"
"Passwd-Solaris","5.0","1"
"Passwd-Unix","2.5","2"
"PatchReader","3.0","2"
"Path-Class","4.9","11"
"Path-Extended","5.0","1"
"Path-Resolver","4.0","1"
"Path-Tiny","5.0","3"
"Path-Trim","2.0","1"
"PathTools","4.8","4"
"Paws","5.0","2"
"PDF","1.0","1"
"PDF-API2","4.2","10"
"PDF-API2-0.40_18b","4.0","1"
"PDF-API2-Simple","4.7","3"
"PDF-Create","4.0","1"
"PDF-ReportWriter","3.0","1"
"PDF-Reuse","4.3","10"
"PDF-WebKit","5.0","1"
"PDF-Xtract","1.0","1"
"PDL","5.0","2"
"PDL-2.4.0","5.0","1"
"PDL-Audio","5.0","1"
"PDL-NetCDF","5.0","1"
"Perf-Stopwatch","5.0","1"
"perl","4.5","6"
"perl-0.0017","1.0","1"
"perl-5.8.1","4.0","1"
"perl-5.8.2","5.0","1"
"perl-Asterisk-AMI","4.0","1"
"Perl-Critic","4.5","11"
"Perl-Critic-Moose","5.0","1"
"Perl-Critic-Pulp","5.0","2"
"Perl-Dist-Strawberry","5.0","3"
"Perl-Dist-Vanilla","5.0","2"
"perl-ldap","4.4","14"
"Perl-Logger","4.0","1"
"Perl-MinimumVersion","4.0","3"
"Perl-PrereqScanner","5.0","2"
"Perl-PrereqScanner-Lite","5.0","1"
"perl-println","1.0","3"
"Perl-Repository-APC","4.0","1"
"Perl-RPM","2.0","1"
"Perl-Shell","3.0","1"
"Perl-Squish","1.0","1"
"Perl-Staff","3.7","3"
"Perl-Strip","4.0","1"
"Perl-Tags","3.0","2"
"Perl-Tidy","4.7","10"
"perl-tutorial","2.0","1"
"Perl-Visualize","5.0","1"
"perl5","5.0","1"
"perl5-byacc-patches","5.0","1"
"perl5lib","5.0","1"
"Perl6-Attributes","5.0","2"
"Perl6-Classes","3.0","1"
"Perl6-Export-Attrs","4.0","1"
"Perl6-Junction","5.0","2"
"Perl6-Pugs","5.0","1"
"Perl6-Refactor","1.0","1"
"Perl6-Rules","5.0","1"
"Perl6-Say","3.5","2"
"Perlbal","4.0","2"
"perlbench","5.0","1"
"PerlBuildSystem","4.0","1"
"Perlcast","1.0","1"
"PerlCryptLib","5.0","1"
"Perldoc-Server","4.5","2"
"PerlIO-fse","5.0","1"
"PerlIO-gzip","5.0","1"
"PerlIO-Util","5.0","1"
"PerlMagick","4.1","8"
"perlsecret","4.5","2"
"PerlSpeak","5.0","1"
"PerlSpec","2.0","2"
"PerlX-Maybe","5.0","1"
"PerlX-MethodCallWithBlock","5.0","2"
"PerlX-Perform","1.0","1"
"persist","2.0","1"
"Petal","4.8","6"
"PHP-Include","1.0","1"
"PHP-Interpreter","4.0","1"
"PHP-Perlinfo","1.0","1"
"PHP-Session","4.0","3"
"Picasa","2.0","1"
"Pinto","5.0","2"
"pip","4.5","2"
"Pipeline","5.0","1"
"Pithub","5.0","3"
"PJVM","5.0","1"
"Plack","4.8","5"
"Plack-App-Apache-ActionWrapper","5.0","1"
"Plagger","4.3","3"
"PLP","5.0","1"
"Plucene","5.0","1"
"PluceneSimple","1.0","1"
"pmv","5.0","1"
"Pod-Advent","5.0","1"
"Pod-Browser","5.0","1"
"Pod-Checker","5.0","2"
"Pod-Coverage","4.5","4"
"Pod-Escapes","5.0","1"
"Pod-HtmlEasy","5.0","1"
"Pod-HtmlHelp","2.0","1"
"Pod-Manual","5.0","1"
"Pod-Markdown","5.0","1"
"pod-mode","4.0","2"
"Pod-Parser","3.5","2"
"Pod-Pdf","3.8","4"
"Pod-POM","3.0","2"
"Pod-POM-Web","5.0","5"
"Pod-ProjectDocs","4.8","5"
"Pod-Readme","3.5","2"
"Pod-Server","5.0","1"
"Pod-Simple","4.4","9"
"Pod-Simple-Wiki","4.7","3"
"Pod-Usage-CGI","1.0","1"
"Pod-Wrap","3.0","1"
"Pod-WSDL","5.0","1"
"Pod-Xhtml","5.0","1"
"Pod-XML","4.0","1"
"POD2-ES","4.0","1"
"POD2-IT","4.0","1"
"POD2-RU-PSGI","5.0","1"
"pod2pdf","5.0","1"
"podlators","5.0","1"
"PodParser","5.0","1"
"PodToHTML","2.0","1"
"POE","4.9","12"
"POE-Component-Client-Asterisk-Manager","5.0","1"
"POE-Component-Client-LDAP","3.0","1"
"POE-Component-Client-Telnet","5.0","1"
"POE-Component-Cron","3.0","1"
"POE-Component-EasyDBI","4.0","1"
"POE-Component-Generic","5.0","1"
"POE-Component-IRC","5.0","3"
"POE-Component-IRC-Plugin-BaseWrap","4.0","1"
"POE-Component-Jabber","1.0","1"
"POE-Component-Proxy-TCP","1.0","1"
"POE-Component-Server-HTTP","5.0","1"
"POE-Component-Server-IRC","4.0","1"
"POE-Component-Server-SimpleHTTP","4.0","1"
"POE-Component-SimpleDBI","5.0","2"
"POE-Wheel-Run-Win32","4.5","2"
"Poet","5.0","1"
"POOF","2.0","1"
"PoolController","1.0","1"
"Poppler","1.0","1"
"POSIX-strptime","5.0","1"
"PostScript-Calendar","4.0","1"
"PostScript-Report","5.0","1"
"PowerDNS-Backend-MySQL","2.0","2"
"PPerl","5.0","1"
"PPI","5.0","7"
"PPI-PowerToys","5.0","1"
"PPIx-Shorthand","4.0","1"
"PPM-Make","4.0","1"
"PPR","5.0","1"
"ppt","4.0","1"
"pQuery","4.3","3"
"Prima","5.0","3"
"Proc-Exists","1.0","1"
"Proc-Fork","5.0","1"
"Proc-InvokeEditor","5.0","1"
"Proc-PID-File","5.0","1"
"Proc-PID-File-Fcntl","5.0","1"
"Proc-Pidfile","3.0","2"
"Proc-ProcessTable","3.1","7"
"Proc-Queue","4.5","2"
"Proc-Reliable","4.5","2"
"Proc-Simple","5.0","1"
"Proc-Spawn","5.0","1"
"Process-Status","5.0","1"
"Promises","5.0","2"
"Protocol-WebSocket","5.0","1"
"Provision-Unix","5.0","1"
"Pry","5.0","1"
"psmon","4.0","1"
"PSQL-Query","1.0","1"
"PTools","1.0","1"
"pwhich","1.0","1"
"PXP","4.0","1"
"Python-Decorator","2.0","1"
"Python-Serialise-Pickle","3.0","2"
"Qmail-Deliverable","5.0","1"
"Qt","3.5","2"
"QtCore","1.0","1"
"Quantum-Superpositions","5.0","1"
"Quota","5.0","1"
"quote","1.0","1"
"Rapi-Fs","5.0","2"
"RapidApp","5.0","2"
"Rcs","4.5","2"
"Rcs-Agent","4.0","1"
"Rcs-Parser","1.0","1"
"RDF-Query","3.0","1"
"RDF-Trine","5.0","2"
"Readonly","3.6","5"
"Reddit","1.0","1"
"RedisDB","4.5","2"
"Redland","1.0","1"
"reform","2.0","1"
"Regexp-Any","1.0","1"
"Regexp-Assemble","5.0","2"
"Regexp-Common","4.0","5"
"Regexp-Common-debian","1.0","1"
"Regexp-Common-Email-Address","1.0","1"
"Regexp-Constant","3.0","1"
"Regexp-Debugger","4.5","4"
"Regexp-DefaultFlags","5.0","1"
"Regexp-Exhaustive","5.0","1"
"Regexp-Genex","5.0","1"
"Regexp-Grammars","4.4","5"
"Regexp-Log","5.0","1"
"Regexp-Log-Common","5.0","2"
"Regexp-Parser","4.0","1"
"Regexp-Profanity-US","1.5","2"
"relative","4.0","1"
"release","5.0","3"
"Religion-Islam-Quran","4.8","4"
"rename","5.0","1"
"REST-Client","5.0","1"
"REST-Consumer","2.0","1"
"REST-Google","2.0","1"
"REST-Neo4p","4.7","3"
"Return-Value","3.7","3"
"Riak-Light","4.5","2"
"RiveScript","5.0","2"
"RMI","4.0","1"
"Role-Tiny","5.0","1"
"Roll","1.0","2"
"Rose","5.0","2"
"Rose-DB","5.0","1"
"Rose-DB-Object","5.0","6"
"Rose-DBx-Object-Renderer","5.0","1"
"Rose-HTML-Objects","5.0","1"
"Router-Simple","5.0","2"
"RPC-JSON","5.0","1"
"RPC-Simple","1.0","1"
"RPC-XML","4.7","3"
"RPi-WiringPi","5.0","1"
"RPM-Header-PurePerl","2.0","1"
"RPM-VersionSort","5.0","1"
"RRD-Simple","5.0","5"
"RRDTool-OO","5.0","1"
"RT-Authen-ExternalAuth","5.0","1"
"RT-Client-REST","3.5","2"
"RT-Extension-ConditionalCustomFields","5.0","1"
"RT-Extension-MobileUI","5.0","1"
"RT-Integration-SVN","3.0","1"
"RTF-Generator","1.0","1"
"RTF-Parser","1.8","4"
"RTF-Reader","2.0","1"
"RTF-Tokenizer","5.0","1"
"RTF-Writer","4.0","1"
"RTx-Calendar","4.0","1"
"RTx-EmailCompletion","4.0","3"
"RTx-Foundry","2.0","1"
"RTx-Timeline","2.0","1"
"Runescape-Stats","5.0","2"
"Safe-Hole","5.0","1"
"Sakai-Stats","1.0","1"
"SAP-Rfc","4.7","3"
"sapnwrfc","5.0","1"
"Scalar-List-Utils","4.7","6"
"Scalar-Util-Refcount","1.0","1"
"SCALP","1.0","1"
"Schedule-Cron","4.5","2"
"Schedule-Load","5.0","1"
"Schema-RDBMS-AUS","2.0","1"
"Scope-Upper","4.0","1"
"Scrappy","5.0","3"
"Script-isAperlScript","1.0","1"
"Script-State","5.0","1"
"Script-Sub-Import","1.5","2"
"Scriptalicious","5.0","1"
"scriptdist","3.0","1"
"sdf","3.0","1"
"Search-Binary","3.0","2"
"Search-Elasticsearch","4.0","2"
"Search-FreeText","4.0","1"
"Search-GIN","2.0","1"
"Search-Indexer","4.5","2"
"Search-QueryParser","5.0","2"
"Search-Tools","5.0","3"
"Search-VectorSpace","5.0","1"
"Search-Xapian","3.8","4"
"Selenium-Remote-Driver","5.0","4"
"self","4.7","3"
"selfvars","5.0","1"
"Sereal","5.0","1"
"ServiceNow-SOAP","5.0","1"
"Session-Token","5.0","1"
"Set-Object","5.0","3"
"Set-Partition","5.0","1"
"Set-Scalar","4.5","2"
"Set-Tiny","4.0","1"
"setenv","5.0","1"
"Sex","5.0","1"
"SHARYANTO-YAML-Any","1.0","1"
"Shell-POSIX-Select","4.0","1"
"ShiftJIS-CP932-MapUTF","5.0","1"
"ShiftJIS-String","5.0","1"
"ShipIt","4.5","2"
"Shipwright","2.5","2"
"Signal-Mask","5.0","1"
"signatures","4.0","2"
"Simple-Accessor","2.0","1"
"SimpleMood","1.0","1"
"SimpleMySQL","1.0","1"
"SimpleXMLParse","1.0","1"
"Sman","3.0","2"
"Smart-Comments","5.0","4"
"Smart-Dispatch","1.0","1"
"SML-Template","1.0","1"
"smokebrew","4.0","1"
"Smolder","4.0","1"
"SMS-Send","4.0","1"
"SMS_API","2.0","2"
"SMTP-Server","2.0","1"
"Snail-CSV","1.0","1"
"SNMP-Info","5.0","1"
"SOAP","1.0","1"
"SOAP-Amazon-S3","3.5","2"
"SOAP-Lite","2.8","13"
"SOAP-Lite-0.60a","4.0","1"
"SOAP-Lite-Simple","4.0","1"
"SOAP-MIME","4.0","1"
"SOAP-MySOAP","1.0","2"
"SOAP-WSDL","2.3","3"
"Socket-Class","5.0","1"
"Solaris-NDDI","5.0","1"
"Solr","3.0","1"
"Sort-External","5.0","1"
"Sort-Flat","1.0","1"
"Sort-Key","4.7","3"
"Sort-Key-Top","5.0","1"
"Sort-Maker","5.0","1"
"Sort-Naturally","4.4","5"
"Sort-NoCase","1.0","5"
"Sort-Radix","1.0","1"
"Sort-XS","2.0","1"
"Source-of-all-knowledge","1.0","1"
"spamcupNG","1.0","1"
"Sparse","2.7","3"
"Spawn-Safe","5.0","1"
"Spellunker","5.0","1"
"Spiffy","1.0","3"
"SPOPS","3.7","6"
"SPOPSx-Ginsu","3.0","1"
"Spread","4.0","1"
"Spread-Message","2.0","1"
"Spread-Session","5.0","1"
"Spreadsheet-BasicRead","4.7","3"
"Spreadsheet-DataToExcel","5.0","1"
"Spreadsheet-Engine","4.0","1"
"Spreadsheet-ParseExcel","4.7","10"
"Spreadsheet-ParseExcel-Simple","4.3","3"
"Spreadsheet-ParseXLSX","3.0","1"
"Spreadsheet-Read","4.5","2"
"Spreadsheet-WriteExcel","4.7","27"
"Spreadsheet-WriteExcel-FromXML","3.3","3"
"Spreadsheet-WriteExcel-Styler","5.0","2"
"Spreadsheet-WriteExcel-Worksheet-SheetProtection","5.0","1"
"Spreadsheet-WriteExcelXML","5.0","2"
"Spreadsheet-XLSX","3.8","6"
"SQL-Abstract","4.3","10"
"SQL-Abstract-Limit","5.0","1"
"SQL-Abstract-More","5.0","2"
"SQL-Abstract-Plugin-InsertMulti","5.0","1"
"SQL-Beautify","4.0","1"
"SQL-Easy","1.0","2"
"SQL-Interpolate","5.0","1"
"SQL-Library","5.0","1"
"SQL-Maker","5.0","1"
"SQL-Shell","4.0","1"
"sql-simple","5.0","2"
"SQL-Statement","3.5","2"
"SQL-Tokenizer","5.0","1"
"SQL-Translator","4.1","12"
"SSH-Batch","5.0","1"
"Starman","5.0","2"
"Statistics-Basic","3.3","3"
"Statistics-Descriptive","4.5","4"
"Statistics-Distributions","4.0","2"
"Statistics-LineFit","5.0","2"
"Statistics-Lite","3.0","1"
"Statistics-OLS","1.0","1"
"Statistics-R","3.6","7"
"Statistics-Regression","3.0","2"
"Storable","4.0","4"
"Storable-AMF","5.0","3"
"strictures","5.0","1"
"String","1.0","1"
"String-Approx","4.0","1"
"String-Charcount","1.0","1"
"String-CodiceFiscale","5.0","2"
"String-CRC32","4.5","2"
"String-Diff","4.3","3"
"String-Iota","2.0","1"
"String-LCSS","1.0","1"
"String-ProgressBar","5.0","1"
"String-Random","5.0","1"
"String-ShellQuote","5.0","3"
"String-Similarity","5.0","1"
"String-String","3.0","1"
"String-Strip","1.5","2"
"String-Thai-Segmentation","2.0","1"
"String-Tokenizer","4.5","2"
"String-Trigram","5.0","1"
"String-Truncate","3.0","1"
"String-Work","1.0","4"
"Stuff","1.0","1"
"Sub-Attribute","5.0","2"
"Sub-Call-Tail","5.0","1"
"Sub-Curried","5.0","1"
"Sub-Exporter","5.0","4"
"Sub-Install","5.0","1"
"Sub-Installer","2.0","2"
"Sub-Installer-0.0.2","4.0","1"
"Sub-Mage","4.0","1"
"Sub-MicroSig","5.0","1"
"Sub-Override","4.5","2"
"Sub-Recursive","5.0","2"
"Sub-StopCalls","4.0","1"
"Sub-Stubber","5.0","1"
"Sub-Uplevel","4.0","2"
"Sub-Usage","4.0","1"
"subatom","5.0","1"
"Sudoku","1.5","2"
"SuperLog","1.0","1"
"SuperPython","3.3","6"
"SVG","5.0","2"
"SVG-Graph","2.5","2"
"svg-svg2zinc","5.0","1"
"SVG-TT-Graph","5.0","2"
"SVGGraph","3.0","1"
"SVK","5.0","4"
"SVN-Churn","4.0","1"
"SVN-Dump","4.7","3"
"SVN-DumpReloc","3.0","2"
"SVN-Hooks","5.0","2"
"SVN-Notify","4.8","8"
"SVN-Web","5.0","1"
"SWF-Builder","5.0","1"
"SWISH-HiLiter","4.0","1"
"Switch","3.0","1"
"sybperl","4.5","2"
"Symbol-Util","5.0","1"
"Syntax-Feature-Qwa","3.0","2"
"Syntax-Feature-Try","5.0","2"
"Syntax-Highlight-Engine-Kate","3.8","4"
"Syntax-Highlight-Engine-Simple","3.0","1"
"Syntax-Highlight-HTML","4.0","2"
"Syntax-Highlight-JSON","2.0","2"
"Syntax-Highlight-Universal","1.0","1"
"Syntax-SourceHighlight","4.0","1"
"Sys-CPU","2.0","1"
"Sys-CpuLoad","3.0","2"
"Sys-Filesystem","2.3","3"
"Sys-HostIP","4.5","2"
"Sys-Hostname-Long","1.0","2"
"Sys-Hwloc","1.0","1"
"Sys-Load","2.0","1"
"Sys-Mmap","3.5","2"
"Sys-RunAlone","2.0","1"
"Sys-SigAction","4.8","4"
"Sys-Statistics-Linux","4.8","6"
"Sys-Sysconf","1.0","1"
"Sys-Syslog","3.5","2"
"Sysadm-Install","5.0","1"
"System-Command","5.0","1"
"Taint-Runtime","4.0","1"
"Taint-Util","5.0","1"
"Tangram","2.0","1"
"TAP-Formatter-HTML","4.5","2"
"TAP-Harness-JUnit","4.3","3"
"Task","5.0","2"
"Task-BeLike-BINGOS","5.0","1"
"Task-BeLike-RJBS","5.0","2"
"Task-Elkhound","1.0","1"
"Task-Git-LongList1","1.0","1"
"Task-Kensho","5.0","2"
"Task-Mechanistic","1.0","2"
"Task-Sites-ShlomiFish","1.0","1"
"Tcl","5.0","1"
"Tcl-Tk","5.0","1"
"TclTk","5.0","1"
"Telephony-CountryDialingCodes","4.0","1"
"template","1.0","4"
"Template-Alloy","5.0","3"
"Template-Averse","1.0","1"
"Template-Benchmark","4.0","1"
"Template-Extract","4.5","4"
"Template-Magic","5.0","2"
"Template-Mustache","2.0","3"
"Template-Patch","4.0","1"
"Template-Plugin-Comma","5.0","1"
"Template-Plugin-Filter-Minify-JavaScript-XS","5.0","1"
"Template-Plugin-Gravatar","4.0","1"
"Template-Plugin-Nbsp","1.0","1"
"Template-Plugin-PwithBR","5.0","1"
"Template-Plugin-Tooltip","4.0","1"
"Template-Plugin-XML-Escape","5.0","1"
"Template-Reverse","3.0","1"
"Template-Semantic","5.0","1"
"Template-Simple","3.0","1"
"Template-Toolkit","4.8","19"
"Templates","1.0","1"
"Tenjin","5.0","1"
"Term-ANSIScreen","2.0","1"
"Term-Detect","1.0","1"
"Term-Emit","5.0","1"
"Term-Menus","4.3","3"
"Term-ProgressBar","5.0","2"
"Term-ProgressBar-Simple","4.5","2"
"Term-Prompt","5.0","1"
"Term-Pulse","3.0","1"
"Term-ReadLine-EditLine","5.0","1"
"Term-ReadPassword","5.0","1"
"Term-Shell","4.5","2"
"Term-Shell-Enhanced","5.0","1"
"Term-ShellUI","5.0","5"
"Term-Size","1.0","1"
"TermReadKey","4.0","1"
"Test","2.0","2"
"Test-Aggregate","5.0","2"
"Test-Base","5.0","3"
"Test-Block","5.0","1"
"Test-Builder-Tester","4.0","1"
"Test-CGI-External","5.0","1"
"Test-CheckManifest","4.5","2"
"Test-Class","4.6","10"
"Test-Class-Most","5.0","2"
"Test-ClassAPI","5.0","1"
"Test-ConsistentVersion","5.0","1"
"Test-Continuous","4.0","1"
"Test-DatabaseRow","4.3","3"
"Test-DataDriven","4.0","1"
"Test-Deep","4.8","10"
"Test-Dependencies","2.0","2"
"Test-DescribeMe","4.0","1"
"Test-Differences","4.7","3"
"Test-Distribution","4.0","1"
"Test-Easy","3.5","2"
"Test-Exception","4.6","7"
"Test-Exception-LessClever","3.0","2"
"Test-ExistsExecutable","1.0","1"
"Test-Exit","4.0","1"
"Test-Expect","5.0","1"
"Test-Fatal","4.7","3"
"Test-Fixme","4.5","2"
"Test-Fixture-DBI","3.0","1"
"Test-FormValidator","5.0","1"
"Test-Functional","5.0","1"
"Test-Harness","5.0","5"
"Test-HTML-Content","3.5","2"
"Test-HTTP-Server","3.7","3"
"Test-Httpd-Apache2","5.0","1"
"Test-Image-GD","4.0","1"
"Test-Inline","5.0","1"
"Test-Inspector","2.0","1"
"Test-JavaScript","4.0","1"
"Test-JSON","4.0","1"
"Test-Kwalitee-Extra","3.0","1"
"Test-LeakTrace","5.0","1"
"Test-LectroTest","5.0","2"
"Test-Log-Log4perl","4.0","1"
"Test-LongString","5.0","3"
"Test-Mock-LWP","2.3","3"
"Test-Mock-LWP-Dispatch","4.0","1"
"Test-MockDBI","3.0","1"
"Test-MockModule","4.0","1"
"Test-MockObject","4.4","5"
"Test-MockTime","5.0","1"
"Test-More-Behaviour","3.0","2"
"Test-More-Strict","5.0","1"
"Test-More-UTF8","3.0","1"
"Test-Most","5.0","3"
"Test-Needs","5.0","1"
"Test-NoWarnings","3.7","3"
"Test-Number-Delta","5.0","2"
"Test-ParallelSubtest","5.0","1"
"Test-Perl-Critic-Progressive","3.0","1"
"Test-Perl-Metrics-Simple","1.0","1"
"Test-PerlTidy","4.0","1"
"Test-Plan","4.0","1"
"Test-Pod","4.5","2"
"Test-Pod-Coverage","4.8","4"
"Test-Portability-Files","2.5","2"
"Test-Prereq","4.3","3"
"Test-Reporter","4.0","4"
"Test-Requires","5.0","1"
"Test-Server","5.0","1"
"Test-Simple","4.9","8"
"Test-Simpler","5.0","1"
"Test-Smart","4.0","1"
"Test-Spec","5.0","1"
"Test-Spelling","4.7","3"
"Test-Strict","4.5","2"
"Test-Sweet","3.0","2"
"Test-TAP","5.0","2"
"Test-TAP-HTMLMatrix","4.0","2"
"Test-TAP-Model","3.0","1"
"Test-TCP","5.0","2"
"Test-TempDatabase","1.0","3"
"Test-Tester","5.0","2"
"Test-Timer","5.0","1"
"Test-Trap","4.3","3"
"Test-UniqueTestNames","5.0","1"
"Test-Unit","2.8","5"
"Test-Unit-Lite","5.0","1"
"Test-Unit-Runner-Xml","5.0","1"
"Test-use-ok","5.0","1"
"Test-Valgrind","5.0","1"
"Test-Warn","4.6","5"
"Test-Without-Module","4.7","3"
"Test-WWW-Mechanize","4.2","5"
"Test-WWW-Mechanize-Catalyst","5.0","1"
"Test-WWW-Mechanize-CGIApp","2.0","1"
"Test-WWW-Selenium","5.0","3"
"Test-XML","2.5","2"
"Test-XML-Deep","3.0","1"
"Test-XPath","5.0","1"
"Test.php","2.5","2"
"Testing-Values-Boolean","1.0","1"
"TeX-Encode","3.0","1"
"Text-ASCIITable","3.8","4"
"Text-Aspell","4.5","2"
"Text-Autoformat","3.0","1"
"Text-Balanced","3.5","4"
"Text-BibTeX","2.8","4"
"Text-CharWidth","1.0","1"
"Text-CHM","5.0","1"
"Text-CSV","5.0","4"
"Text-CSV-Encoded","5.0","1"
"Text-CSV-Hashify","1.0","1"
"Text-CSV-Simple","4.0","1"
"Text-CSV-Slurp","4.5","4"
"Text-CSV_Multiline","1.0","1"
"Text-CSV_XS","4.7","9"
"Text-DeDuper","5.0","1"
"Text-Delimited","3.0","1"
"Text-DeLoreanIpsum","1.0","1"
"Text-Diff","4.0","2"
"Text-Diff3","5.0","1"
"Text-DoubleMetaphone","5.0","1"
"Text-EditTranscript","5.0","1"
"Text-Extract-Word","5.0","1"
"Text-ExtractWords","1.0","1"
"Text-FormatTable","5.0","1"
"Text-GenderFromName","5.0","1"
"text-highlight","1.0","1"
"Text-Iconv","5.0","2"
"Text-Levenshtein","1.0","1"
"Text-Levenshtein-Flexible","5.0","1"
"Text-LineNumber","5.0","1"
"Text-Lorem","5.0","1"
"Text-Lorem-More","5.0","1"
"Text-Markdown","4.0","2"
"Text-MicroMason","3.5","2"
"Text-NeatTemplate","2.0","1"
"Text-Original","5.0","1"
"Text-Password-Pronounceable","4.5","2"
"Text-Patch","4.0","1"
"Text-PDF","2.0","1"
"Text-Pluralize","3.0","2"
"Text-QuickTemplate","2.0","1"
"Text-Replace","1.0","5"
"Text-Rhombus","2.0","1"
"Text-ScriptTemplate","5.0","1"
"Text-SpellChecker","4.0","1"
"Text-Statistics-Latin","2.0","1"
"Text-StripAccents","1.0","1"
"Text-Table","4.3","9"
"Text-Table-Tiny","5.0","1"
"Text-TabularDisplay","4.7","3"
"Text-Template","5.0","3"
"Text-Textile","5.0","1"
"Text-Tmpl","5.0","1"
"Text-Toalpha","1.0","2"
"Text-TransMetaphone","2.0","1"
"Text-Tree","5.0","1"
"Text-Trim","4.5","2"
"Text-Typography","5.0","1"
"Text-Unaccent","1.0","1"
"Text-Unidecode","4.7","6"
"Text-vCard","3.3","3"
"Text-vFile","2.0","1"
"Text-VimColor","4.6","5"
"Text-Vpp","2.0","1"
"Text-Xslate","5.0","4"
"Text-Xslate-Bridge-TT2Like","5.0","1"
"Text-xSV","5.0","2"
"Text2URI","1.0","1"
"thanks","1.0","1"
"The-synthesizer","1.0","2"
"TheForce","1.5","2"
"THEMA-MEDIA","1.0","2"
"ThousandWords","5.0","1"
"Thread-Pool","4.0","3"
"Thread-Pool-Simple","4.0","1"
"Thread-Queue","5.0","1"
"Thread-Queue-Any","5.0","3"
"threads-shared","4.0","1"
"Tie-Cache","5.0","1"
"Tie-Cache-LRU","5.0","1"
"Tie-CPHash","4.5","2"
"Tie-DBI","5.0","1"
"Tie-File-AsHash","2.0","2"
"Tie-Formatted","1.0","1"
"Tie-Gzip","1.0","1"
"Tie-Handle-CSV","4.0","2"
"Tie-Hash-Cannabinol","5.0","1"
"Tie-Hash-Indexed","4.0","1"
"Tie-Hash-RegexKeys","1.0","1"
"Tie-Hash-Sorted","5.0","1"
"Tie-InsertOrderHash","4.0","1"
"Tie-Ispell","5.0","1"
"Tie-IxHash","4.8","6"
"Tie-Judy","5.0","2"
"Tie-OneOff","5.0","1"
"Tie-Sub","4.0","1"
"Time-Duration","4.5","2"
"Time-Format","4.5","2"
"Time-Fuzzy","2.0","1"
"Time-HiRes","5.0","5"
"Time-Interval","4.0","1"
"Time-Local","5.0","1"
"Time-Local-Extended","3.0","2"
"Time-Mock","5.0","1"
"Time-modules","5.0","3"
"Time-Out","4.0","2"
"Time-Piece","5.0","1"
"Time-Piece-ISO","5.0","1"
"Time-Progress","4.0","1"
"Time-ProseClock","4.0","1"
"Time-Simple-Range","5.0","1"
"Time-Traveler","2.0","2"
"TimeConvert","1.0","2"
"TimeDate","4.0","5"
"Tiny-Tiny","3.0","2"
"Titanium","4.0","3"
"Tk","4.0","8"
"Tk-Date","4.0","1"
"Tk-DBI-Form","4.0","1"
"Tk-DKW","4.0","1"
"Tk-ForDummies-Graph","5.0","1"
"Tk-JComboBox","5.0","1"
"Tk-MDI","4.0","1"
"Tk-MListbox","4.5","2"
"Tk-ObjEditor","5.0","1"
"Tk-Pod","5.0","1"
"Tk-Preferences","5.0","1"
"Tk-TableMatrix","5.0","2"
"Tk-ToolBar","5.0","1"
"Tk-WaitBox","4.0","1"
"Tk-Wizard-Bases","3.5","2"
"tk-zinc","5.0","1"
"TkCarp","3.0","1"
"Tkx","4.3","3"
"TMDB","3.3","3"
"TOBYINK-PerlX-A","1.0","2"
"ToDo","2.0","1"
"Toolkit","4.0","3"
"ToolSet","4.5","2"
"Transform-Canvas","2.0","1"
"Transmission-Client","5.0","1"
"Tree-DAG_Node","5.0","1"
"Tree-M","1.0","1"
"Tree-Nary","2.0","1"
"Tree-Simple","4.0","2"
"Tree-Simple-View","5.0","1"
"Tree-Simple-VisitorFactory","5.0","1"
"Treex-EN","1.0","1"
"Tripletail","5.0","1"
"true","5.0","3"
"Try-Tiny","4.6","5"
"Try-Tiny-ByClass","4.0","1"
"TryCatch","4.3","3"
"TV-Anytime","1.0","1"
"TV-Mediathek","5.0","1"
"txt2html","4.0","2"
"UI-Dialog","3.0","2"
"UML-Class-Simple","4.0","3"
"UML-State","4.0","1"
"Underscore","3.7","3"
"Unicode-Collate","5.0","1"
"Unicode-IMAPUtf7","4.0","1"
"Unicode-MapUTF8","5.0","2"
"Unicode-UTF8","5.0","1"
"UniLog","1.0","1"
"UNIVERSAL-can","1.8","4"
"UNIVERSAL-clone","1.0","4"
"UNIVERSAL-exports","4.0","3"
"UNIVERSAL-isa","1.0","3"
"UNIVERSAL-moniker","1.0","1"
"UNIVERSAL-require","2.7","3"
"UNIVERSAL-which","1.0","1"
"Unix","1.0","6"
"UNIX-Cal","1.0","1"
"Unix-ConfigFile","2.0","3"
"Unix-PasswdFileOps","2.0","1"
"unix2dos","1.0","1"
"Unwind-Protect","1.0","1"
"URI","5.0","4"
"URI-Amazon-APA","5.0","1"
"URI-Encode","1.5","2"
"URI-Escape-XS","1.0","1"
"URI-Fetch","3.0","1"
"URI-Find","4.0","1"
"URI-Query","4.0","1"
"URI-Title","5.0","1"
"URPM","4.0","1"
"urpmi","5.0","1"
"use","5.0","1"
"utf8-all","4.0","2"
"Util","1.0","2"
"Util-Any","5.0","1"
"Util-SelfDestruct","2.0","1"
"UUID","3.0","1"
"V","5.0","2"
"v6-alpha","3.0","1"
"Validate-Tiny","4.5","2"
"Validation-Class","5.0","1"
"Variable-Eject","5.0","1"
"Variable-Magic","5.0","1"
"Variable-Strongly-Typed","3.0","1"
"VCS-SCCS","5.0","1"
"version","4.7","3"
"VFS","1.0","1"
"VFSsimple","1.0","1"
"Video-Capture-V4l","1.0","1"
"Video-Info","1.0","1"
"Video-Manip","2.0","4"
"Video-Xine","1.0","1"
"VideoLan-Client","5.0","1"
"VirtualFS-ISO9660","2.0","1"
"Visio","1.0","2"
"Volution","1.0","1"
"Vroom","5.0","2"
"VS-RuleEngine","3.0","1"
"VSO","3.0","1"
"W3C-LinkChecker","4.7","3"
"W3C-LogValidator","5.0","1"
"Want","5.0","5"
"Water","1.0","2"
"WeakRef","1.0","1"
"Weather-Com","5.0","2"
"Weather-Google","5.0","2"
"web","2.0","1"
"Web-App","1.0","1"
"Web-Magic","1.0","1"
"Web-Passwd","4.0","1"
"Web-Query","4.0","1"
"Web-Scraper","4.5","2"
"Web-Simple","5.0","2"
"WebService-30Boxes-API","5.0","1"
"WebService-Aladdin","5.0","1"
"WebService-Antispam","5.0","2"
"WebService-BaseClientRole","3.0","2"
"WebService-Blogger","5.0","1"
"WebService-CRUST","4.0","1"
"WebService-GData","4.7","3"
"WebService-GoogleMaps","5.0","1"
"WebService-Mappoint","4.0","1"
"WebService-MusicBrainz","5.0","1"
"WebService-NetSuite","3.0","1"
"WebService-Solr","3.4","5"
"WebService-Validator-CSS-W3C","5.0","1"
"WebService-Validator-HTML-W3C","4.5","2"
"WebService-Yahoo-BOSS","5.0","1"
"WebService-YouTube","1.0","1"
"Weed","1.0","3"
"WikiText","3.0","1"
"Win32-AbsPath","1.0","1"
"Win32-API","4.0","3"
"Win32-Autoglob","4.5","2"
"Win32-CLR","1.0","1"
"Win32-Codepage","3.0","2"
"Win32-Console-ANSI","5.0","2"
"Win32-Daemon-Simple-0.2.2","1.0","1"
"Win32-Die","4.0","1"
"Win32-DriveInfo","3.7","3"
"Win32-EventLog","3.0","1"
"Win32-EventLog-Carp","1.0","1"
"Win32-EventLog-Message","5.0","1"
"Win32-FetchCommand","4.0","1"
"Win32-File-Summary","2.0","1"
"Win32-File-Ver","3.0","1"
"Win32-File-VersionInfo","5.0","1"
"Win32-GUI","5.0","3"
"Win32-GUI-XMLBuilder","4.0","1"
"Win32-GuiTest","4.8","4"
"Win32-IE-Mechanize","5.0","2"
"Win32-IEAutomation","5.0","1"
"Win32-IntAuth","5.0","1"
"Win32-MediaPlayer","5.0","1"
"Win32-Mock","5.0","1"
"Win32-MSAgent","3.0","1"
"Win32-OLE","4.6","5"
"Win32-Outlook-IAF","5.0","1"
"Win32-Pipe","4.0","1"
"Win32-Process","4.0","1"
"Win32-Process-CpuUsage","5.0","1"
"Win32-Process-Info","5.0","1"
"Win32-Process-List","4.0","1"
"Win32-RemoteTOD","1.0","1"
"Win32-Scheduler","1.0","1"
"Win32-Security","4.0","1"
"Win32-SerialPort","3.0","1"
"Win32-Symlink","4.0","1"
"Win32-TaskScheduler","5.0","1"
"Win32-TaskScheduler2.0.3","3.0","1"
"Win32-TieRegistry","4.5","2"
"Win32-Unicode","3.5","2"
"Win32-Uptime","5.0","2"
"Win32-Wallpaper","4.0","1"
"Win32-Word-Writer","4.0","1"
"With","1.0","1"
"Wizard","1.0","2"
"Wolowitz","1.0","1"
"WordNet-QueryData","5.0","1"
"WordPress-XMLRPC","4.0","1"
"Workflow","5.0","1"
"WWW-AA","1.0","1"
"WWW-Alexa-API","1.0","1"
"WWW-Alexa-TrafficRank","5.0","1"
"WWW-Amazon-Wishlist","4.0","1"
"WWW-Analytics-MultiTouch","5.0","1"
"WWW-AUR","5.0","1"
"WWW-Auth","1.0","1"
"WWW-Authen-Simple","4.0","1"
"WWW-Automate","1.0","2"
"WWW-Bugzilla3","4.0","1"
"WWW-Cache-Google","4.0","1"
"WWW-CheckSite","4.0","1"
"WWW-CMS","1.0","1"
"WWW-Comic","5.0","1"
"WWW-Contact","3.5","2"
"WWW-CPANRatings","4.0","1"
"WWW-Curl","3.3","3"
"WWW-eNom","3.0","1"
"WWW-Facebook-API","4.7","6"
"WWW-Facebook-API-REST-Client","1.0","1"
"WWW-Favicon","1.0","1"
"WWW-Google-Calculator","5.0","1"
"WWW-Google-Contacts","5.0","1"
"WWW-Google-CustomSearch","3.3","3"
"WWW-Google-Groups","4.0","1"
"WWW-Google-Images","3.0","1"
"WWW-Google-PageRank","5.0","1"
"WWW-Google-Video","2.0","1"
"WWW-Hotmail","4.0","1"
"WWW-HtmlUnit","4.0","1"
"WWW-HugeURL","3.0","1"
"WWW-Indeed","4.0","1"
"WWW-Mail15","2.0","2"
"WWW-Mechanize","4.8","16"
"WWW-Mechanize-CGI","5.0","1"
"WWW-Mechanize-Firefox","5.0","3"
"WWW-Mechanize-GZip","5.0","1"
"WWW-Mechanize-Shell","4.5","2"
"WWW-Mechanize-SpamCop","3.0","1"
"WWW-Mechanize-Timed","3.0","1"
"WWW-Mechanize-TWiki","1.0","1"
"WWW-Mediawiki-Client","4.0","1"
"WWW-Mixi","1.0","1"
"WWW-Mixi-OO","1.0","1"
"WWW-Mixi-Scraper","5.0","1"
"WWW-Myspace","4.0","2"
"WWW-Netflix-API","4.0","1"
"WWW-Pagination","1.0","1"
"WWW-Parallels-Agent","3.0","1"
"WWW-PDB","4.0","1"
"WWW-Postmark","5.0","1"
"WWW-Rediff-iShare","4.0","1"
"WWW-RobotRules","5.0","1"
"WWW-Salesforce","5.0","1"
"WWW-Scraper-ISBN-ISBNdb_Driver","5.0","1"
"WWW-Scripter","4.0","1"
"WWW-Search","5.0","1"
"WWW-Search-PubMed","4.0","1"
"WWW-Shorten-Bitly","5.0","1"
"WWW-Shorten-RevCanonical","1.0","1"
"WWW-Shorten-Simple","5.0","1"
"WWW-Sitemap-XML","5.0","1"
"WWW-SMS","1.0","1"
"WWW-TV","4.0","1"
"WWW-Wikipedia","4.0","1"
"WWW-YouTube","1.0","1"
"WWW-YouTube-Download","5.0","3"
"Wx","4.8","4"
"Wx-ActiveX","5.0","2"
"Wx-Demo","5.0","1"
"Wx-Perl-Packager","4.0","1"
"Wx-WidgetMaker","5.0","1"
"X12","5.0","1"
"XAO-PodView","5.0","1"
"xchar","2.0","1"
"XHTML-MediaWiki","2.0","1"
"xls2csv","5.0","1"
"XLSperl","5.0","2"
"XML-API","5.0","1"
"XML-Atom","3.0","3"
"XML-Atom-SimpleFeed","4.8","4"
"XML-Atom-Syndication","2.0","1"
"XML-Bare","4.0","7"
"XML-Bare-SAX-Parser","2.0","1"
"XML-Builder","2.0","1"
"XML-Compile","4.8","5"
"XML-Compile-SOAP","4.7","3"
"XML-Compile-SOAP-WSA","5.0","1"
"XML-Database","2.0","2"
"XML-Descent","4.0","1"
"XML-Diff","4.0","1"
"XML-Directory","4.0","1"
"XML-DOM","3.5","2"
"XML-Driver-HTML","5.0","1"
"XML-DT","5.0","1"
"XML-DTD","5.0","1"
"XML-EasySQL","4.0","1"
"XML-Feed","5.0","5"
"XML-FeedPP","4.8","4"
"XML-Filter-BufferText","4.0","1"
"XML-Filter-DetectWS","3.0","1"
"XML-Filter-Sort","5.0","1"
"XML-FOAF","3.0","1"
"XML-GDOME","3.5","2"
"XML-Generator","5.0","2"
"XML-Generator-DBI","5.0","1"
"XML-Genx","5.0","1"
"XML-Handler-YAWriter","5.0","1"
"XML-Hash-XS","5.0","2"
"XML-Liberal","3.0","1"
"XML-LibRSVG","1.0","1"
"XML-LibXML","4.6","16"
"XML-LibXML-Common","5.0","1"
"XML-LibXML-LazyBuilder","5.0","1"
"XML-LibXSLT","5.0","2"
"XML-Mini","2.0","3"
"XML-Mini-1.2.8","4.0","1"
"XML-MyXML","3.5","4"
"XML-Parser","4.3","6"
"XML-Parser-EasyTree","4.3","3"
"XML-Pastor","4.0","1"
"XML-PYX","4.0","1"
"XML-Quick","4.0","1"
"XML-Rabbit","5.0","1"
"XML-RAI","3.0","5"
"XML-RPC","4.5","2"
"XML-RSS","4.2","12"
"XML-RSS-Aggregate","1.0","1"
"XML-RSS-FromHTML-Simple","5.0","1"
"XML-RSS-Parser","5.0","2"
"XML-RSSLite","5.0","1"
"XML-Rules","5.0","1"
"XML-SAX","4.8","4"
"XML-SAX-RTF","1.0","1"
"XML-Schema","3.0","1"
"XML-SemanticDiff","5.0","2"
"XML-Simple","4.2","19"
"XML-Smart","4.5","6"
"XML-Tidy","4.7","3"
"XML-Tiny","3.3","6"
"XML-Tiny-DOM","5.0","1"
"XML-TreePP","5.0","5"
"XML-Twig","4.9","7"
"XML-Writer","4.0","6"
"XML-Xerces","3.0","1"
"XML-XML2JSON","3.0","1"
"XML-XMLWriter","4.0","1"
"XML-XPath","3.6","5"
"XML-XSH","4.5","2"
"Xmldoom","2.3","3"
"Xmms-Perl","5.0","2"
"XSConfig","1.0","1"
"xsub","1.7","7"
"XUL-App","5.0","1"
"XUL-Image-PPT","4.0","1"
"XUL-Node","3.5","2"
"XXX","5.0","4"
"Yahoo-Marketing","5.0","2"
"Yahoo-Search","5.0","1"
"YAML","3.5","11"
"YAML-Active","5.0","1"
"YAML-LibYAML","5.0","3"
"YAML-Perl","5.0","1"
"YAML-Syck","4.3","6"
"YAML-Tiny","4.7","3"
"YAML-Visitor","1.0","1"
"YAML-Yaml2Html","3.0","1"
"YAPC","1.0","1"
"YAPC-Russia","5.0","1"
"YAPE-Regex-Explain","5.0","1"
"YiJing","2.0","1"
"Your-Momma","5.0","2"
"Zen-Koans","5.0","1"
"ZM-SSI","1.0","1"
"Zodiac-Chinese","1.0","1"
"ZooZv","1.0","1"
